entropy,epoch,grad_norm,learning_rate,loss,mean_token_accuracy,num_tokens,step,eval_entropy,eval_loss,eval_mean_token_accuracy,eval_num_tokens,eval_runtime,eval_samples_per_second,eval_steps_per_second
1.9631414413452148,0.0050062578222778474,2.044144868850708,1e-05,5.151237487792969,0.3393103927373886,55794.0,10,,,,,,,
2.0266712844371795,0.010012515644555695,1.7911756038665771,2.111111111111111e-05,4.858380508422852,0.3609315544366837,111638.0,20,,,,,,,
2.165136229991913,0.015018773466833541,1.0522875785827637,3.222222222222223e-05,4.09187126159668,0.45654369443655013,167483.0,30,,,,,,,
2.3396725058555603,0.02002503128911139,0.8806677460670471,4.3333333333333334e-05,3.252672576904297,0.5006205528974533,223874.0,40,,,,,,,
2.351372230052948,0.025031289111389236,0.700627863407135,5.4444444444444446e-05,2.526706314086914,0.5483797341585159,279962.0,50,,,,,,,
2.001315313577652,0.030037546933667083,0.3925231695175171,6.555555555555556e-05,2.069131851196289,0.6227115482091904,335994.0,60,,,,,,,
1.8465953171253204,0.03504380475594493,0.262159526348114,7.666666666666667e-05,1.8561098098754882,0.6449012577533721,391901.0,70,,,,,,,
1.7601722598075866,0.04005006257822278,0.2729097306728363,8.777777777777778e-05,1.7552738189697266,0.6546805918216705,447726.0,80,,,,,,,
1.728206568956375,0.04505632040050062,0.23115822672843933,9.888888888888889e-05,1.7184467315673828,0.6566966891288757,503717.0,90,,,,,,,
1.7014572322368622,0.05006257822277847,0.3541950285434723,0.00011000000000000002,1.7197811126708984,0.6599173158407211,559544.0,100,,,,,,,
1.6976435303688049,0.05506883604505632,0.21607361733913422,0.0001211111111111111,1.7020278930664063,0.6613395154476166,615845.0,110,,,,,,,
1.6900142014026642,0.060075093867334166,0.1777205765247345,0.00013222222222222221,1.6954113006591798,0.6634742438793182,672227.0,120,,,,,,,
1.6560805320739747,0.06508135168961202,0.1986856460571289,0.00014333333333333334,1.6683122634887695,0.6643815219402314,728020.0,130,,,,,,,
1.6769811749458312,0.07008760951188986,0.18548491597175598,0.00015444444444444446,1.6925083160400392,0.6600162297487259,784460.0,140,,,,,,,
1.6548263370990752,0.07509386733416772,0.24985702335834503,0.00016555555555555556,1.651611328125,0.6688607186079025,840643.0,150,,,,,,,
1.6864393651485443,0.08010012515644556,0.20910289883613586,0.00017666666666666666,1.696055793762207,0.6624545514583587,896857.0,160,,,,,,,
1.652004098892212,0.0851063829787234,0.14651505649089813,0.00018777777777777779,1.652602767944336,0.669126632809639,952790.0,170,,,,,,,
1.6673635065555572,0.09011264080100125,0.1603878289461136,0.0001988888888888889,1.6814044952392577,0.6639543980360031,1008465.0,180,,,,,,,
1.663795179128647,0.0951188986232791,0.1699051856994629,0.00019999881749262555,1.6562515258789063,0.6685268521308899,1064987.0,190,,,,,,,
1.6876618683338165,0.10012515644555695,0.15503337979316711,0.00019999472984871732,1.6768190383911132,0.6621660619974137,1121067.0,200,,,,,,,
,0.10012515644555695,,,,,,200,1.6496372091770173,1.6537775993347168,0.6678977341651916,1121067.0,93.178,171.478,5.366
1.621497005224228,0.10513141426783479,0.1378156840801239,0.00019998772258874022,1.6387935638427735,0.6690567463636399,1176877.0,210,,,,,,,
1.655303990840912,0.11013767209011265,0.13332928717136383,0.00019997779591729014,1.6577228546142577,0.6677065283060074,1232659.0,220,,,,,,,
1.6406795382499695,0.11514392991239049,0.14389273524284363,0.00019996495012420304,1.6308040618896484,0.6712577760219574,1288730.0,230,,,,,,,
1.6369577825069428,0.12015018773466833,0.13389721512794495,0.0001999491855845465,1.6573114395141602,0.6688025385141373,1344506.0,240,,,,,,,
1.665921014547348,0.1251564455569462,0.2132885456085205,0.00019993050275860882,1.645498275756836,0.6683858156204223,1400834.0,250,,,,,,,
1.6116803586483002,0.13016270337922403,0.14446181058883667,0.0001999089021918856,1.6257404327392577,0.6722261399030686,1456937.0,260,,,,,,,
1.6518464267253876,0.13516896120150187,0.14660793542861938,0.00019988438451506361,1.6576530456542968,0.6659081190824508,1513336.0,270,,,,,,,
1.6578835368156433,0.14017521902377972,0.16918836534023285,0.00019985695044400265,1.6563379287719726,0.6683420896530151,1569710.0,280,,,,,,,
1.6321071624755858,0.14518147684605756,0.12377581000328064,0.00019982660077971448,1.6428680419921875,0.6717534214258194,1625320.0,290,,,,,,,
1.6356025159358978,0.15018773466833543,0.1347985714673996,0.00019979333640833947,1.6204948425292969,0.6702145636081696,1681629.0,300,,,,,,,
1.6409941852092742,0.15519399249061328,0.13949260115623474,0.00019975715830112075,1.6556720733642578,0.6688190162181854,1737757.0,310,,,,,,,
1.6684180617332458,0.16020025031289112,0.1337389200925827,0.0001997180675143758,1.6491607666015624,0.66892868578434,1793550.0,320,,,,,,,
1.6231086373329162,0.16520650813516896,0.16264021396636963,0.00019967606518946567,1.625692367553711,0.6701449483633042,1849338.0,330,,,,,,,
1.6374949872493745,0.1702127659574468,0.127677321434021,0.0001996311525527616,1.656686782836914,0.6666006028652192,1905191.0,340,,,,,,,
1.6418047666549682,0.17521902377972465,0.13953366875648499,0.00019958333091560934,1.6331371307373046,0.6703278481960296,1961511.0,350,,,,,,,
1.6306996881961822,0.1802252816020025,0.17147870361804962,0.00019953260167429056,1.624292755126953,0.6705968707799912,2017462.0,360,,,,,,,
1.6278824627399444,0.18523153942428036,0.149086132645607,0.00019947896630998253,1.6356216430664063,0.6705375850200653,2073311.0,370,,,,,,,
1.6471055448055267,0.1902377972465582,0.17494812607765198,0.0001994224263887144,1.6422809600830077,0.6692566573619843,2129283.0,380,,,,,,,
1.6354901134967803,0.19524405506883605,0.2027239203453064,0.00019936298356132176,1.6401546478271485,0.6692834079265595,2185135.0,390,,,,,,,
1.6114401638507843,0.2002503128911139,0.2111503779888153,0.00019930063956339854,1.6091932296752929,0.6728097051382065,2241256.0,400,,,,,,,
,0.2002503128911139,,,,,,400,1.643019165992737,1.6328415870666504,0.6699837383031845,2241256.0,93.3663,171.132,5.355
1.636172890663147,0.20525657071339173,0.1715642511844635,0.000199235396215246,1.6271516799926757,0.6706677615642548,2297540.0,410,,,,,,,
1.6204671919345857,0.21026282853566958,0.13903477787971497,0.00019916725542181983,1.6422174453735352,0.6683831095695496,2353569.0,420,,,,,,,
1.6456522643566132,0.21526908635794745,0.19927287101745605,0.0001990962191726744,1.6242809295654297,0.6703860491514206,2409660.0,430,,,,,,,
1.600542825460434,0.2202753441802253,0.12353422492742538,0.00019902228954190475,1.6103389739990235,0.6708421349525452,2465802.0,440,,,,,,,
1.603468406200409,0.22528160200250313,0.14608515799045563,0.00019894546868808608,1.6037315368652343,0.6731338798999786,2521566.0,450,,,,,,,
1.6231502413749694,0.23028785982478098,0.14274750649929047,0.00019886575885421054,1.6101825714111329,0.6721172511577607,2577539.0,460,,,,,,,
1.6059045553207398,0.23529411764705882,0.1191691979765892,0.00019878316236762196,1.6302265167236327,0.6716085493564605,2633311.0,470,,,,,,,
1.6618709683418273,0.24030037546933666,0.18175101280212402,0.00019869768163994765,1.6443557739257812,0.6674704521894455,2689757.0,480,,,,,,,
1.6009908974170686,0.2453066332916145,0.12597526609897614,0.00019860931916702826,1.6141592025756837,0.6726902842521667,2745846.0,490,,,,,,,
1.6254546582698821,0.2503128911138924,0.158793106675148,0.00019851807752884474,1.6165658950805664,0.673218846321106,2801762.0,500,,,,,,,
1.6190080165863037,0.2553191489361702,0.13298901915550232,0.00019842395938944295,1.6248649597167968,0.6700329542160034,2857886.0,510,,,,,,,
1.608197557926178,0.26032540675844806,0.1694801300764084,0.0001983269674968561,1.6015060424804688,0.6743893831968307,2913785.0,520,,,,,,,
1.608550524711609,0.26533166458072593,0.24612005054950714,0.00019822710468302428,1.6119709014892578,0.6699639052152634,2970213.0,530,,,,,,,
1.604862594604492,0.27033792240300375,0.113326795399189,0.00019812437386371192,1.5998504638671875,0.672483092546463,3026228.0,540,,,,,,,
1.6359735965728759,0.2753441802252816,0.11987107992172241,0.00019801877803842262,1.6351327896118164,0.6691427826881409,3082200.0,550,,,,,,,
1.6336297392845154,0.28035043804755944,0.12107217311859131,0.00019791032029031153,1.6233394622802735,0.6698684513568878,3138427.0,560,,,,,,,
1.6293005168437957,0.2853566958698373,0.18464072048664093,0.00019779900378609543,1.643279457092285,0.6659447610378265,3194502.0,570,,,,,,,
1.6595548212528228,0.2903629536921151,0.12241020053625107,0.0001976848317759601,1.647781753540039,0.666226127743721,3250653.0,580,,,,,,,
1.63236922621727,0.295369211514393,0.13156820833683014,0.00019756780759346557,1.646941566467285,0.6697947084903717,3306863.0,590,,,,,,,
1.6346605122089386,0.30037546933667086,0.13470673561096191,0.0001974479346554488,1.6211807250976562,0.6711190223693848,3362946.0,600,,,,,,,
,0.30037546933667086,,,,,,600,1.6107548015117645,1.6220349073410034,0.6705471128225327,3362946.0,93.3715,171.123,5.355
1.6151831328868866,0.3053817271589487,0.13220231235027313,0.00019732521646192378,1.615338134765625,0.668488135933876,3419054.0,610,,,,,,,
1.6047162532806396,0.31038798498122655,0.14265364408493042,0.00019719965659597947,1.6071796417236328,0.6723137021064758,3475132.0,620,,,,,,,
1.6230250358581544,0.31539424280350437,0.1193631961941719,0.00019707125872367508,1.6342487335205078,0.6694418638944626,3531211.0,630,,,,,,,
1.638483476638794,0.32040050062578224,0.12229659408330917,0.00019694002659393305,1.6312541961669922,0.669701087474823,3587699.0,640,,,,,,,
1.608815425634384,0.32540675844806005,0.14451034367084503,0.00019680596403842972,1.598480224609375,0.6734793782234192,3644002.0,650,,,,,,,
1.6094805002212524,0.3304130162703379,0.13819698989391327,0.00019666907497148327,1.622948455810547,0.6717243373394013,3700002.0,660,,,,,,,
1.6658125460147857,0.3354192740926158,0.14215289056301117,0.00019652936338993956,1.658734130859375,0.6651831448078156,3756267.0,670,,,,,,,
1.6092238068580627,0.3404255319148936,0.11135270446538925,0.00019638683337305532,1.6025880813598632,0.6719839215278626,3812151.0,680,,,,,,,
1.6061827898025514,0.3454317897371715,0.12058866769075394,0.0001962414890823792,1.601478385925293,0.6706396967172623,3868477.0,690,,,,,,,
1.627822881937027,0.3504380475594493,0.12768352031707764,0.00019609333476163003,1.6275707244873048,0.668760359287262,3924557.0,700,,,,,,,
1.5952554762363433,0.35544430538172717,0.11135178804397583,0.0001959423747365732,1.6005138397216796,0.6746358841657638,3980750.0,710,,,,,,,
1.6210361003875733,0.360450563204005,0.13815578818321228,0.00019578861341489417,1.6132362365722657,0.6733986079692841,4036444.0,720,,,,,,,
1.62486971616745,0.36545682102628285,0.1339845508337021,0.00019563205528606975,1.6322669982910156,0.6675934165716171,4092609.0,730,,,,,,,
1.6007384836673737,0.3704630788485607,0.1434016227722168,0.00019547270492123716,1.5951074600219726,0.6741346418857574,4148661.0,740,,,,,,,
1.6115528464317321,0.37546933667083854,0.131730318069458,0.00019531056697306046,1.6107295989990233,0.6717914253473282,4204835.0,750,,,,,,,
1.6088330090045928,0.3804755944931164,0.11280481517314911,0.0001951456461755947,1.612839126586914,0.6703812509775162,4261076.0,760,,,,,,,
1.61552454829216,0.3854818523153942,0.14066947996616364,0.0001949779473441478,1.6127285003662108,0.6721911698579788,4316892.0,770,,,,,,,
1.6181647300720214,0.3904881101376721,0.12159066647291183,0.0001948074753751398,1.6219635009765625,0.6710067242383957,4373044.0,780,,,,,,,
1.63185054063797,0.3954943679599499,0.11815431714057922,0.00019463423524596003,1.6186187744140625,0.6733893632888794,4428967.0,790,,,,,,,
1.6119164407253266,0.4005006257822278,0.12612684071063995,0.00019445823201482174,1.625909423828125,0.6675040036439895,4485179.0,800,,,,,,,
,0.4005006257822278,,,,,,800,1.5988339612483977,1.6154799461364746,0.671955431342125,4485179.0,93.3486,171.165,5.356
1.620472264289856,0.40550688360450565,0.12937447428703308,0.00019427947082061432,1.622838592529297,0.6722488790750504,4541225.0,810,,,,,,,
1.6417599141597747,0.41051314142678347,0.17154821753501892,0.00019409795688275346,1.6197063446044921,0.6725154906511307,4597304.0,820,,,,,,,
1.578680044412613,0.41551939924906134,0.12544728815555573,0.00019391369550102853,1.5981426239013672,0.6708511799573899,4653301.0,830,,,,,,,
1.649422812461853,0.42052565707133915,0.1264125108718872,0.000193726692055448,1.638052749633789,0.6684352844953537,4709263.0,840,,,,,,,
1.5863889634609223,0.425531914893617,0.1280747354030609,0.00019353695200608216,1.5979140281677247,0.6737428516149521,4765262.0,850,,,,,,,
1.636183249950409,0.4305381727158949,0.13554222881793976,0.00019334448089290408,1.6253307342529297,0.6706907272338867,4821628.0,860,,,,,,,
1.628706932067871,0.4355444305381727,0.1396082490682602,0.00019314928433562746,1.6362083435058594,0.669127956032753,4877837.0,870,,,,,,,
1.629893696308136,0.4405506883604506,0.1216525286436081,0.00019295136803354262,1.6349578857421876,0.6669041514396667,4934102.0,880,,,,,,,
1.6254730105400086,0.4455569461827284,0.13061830401420593,0.00019275073776535038,1.6159090042114257,0.6719592541456223,4990127.0,890,,,,,,,
1.6011539459228517,0.45056320400500627,0.1348668485879898,0.00019254739938899293,1.6064388275146484,0.6744396895170212,5046194.0,900,,,,,,,
1.6448571920394897,0.4555694618272841,0.1290251612663269,0.00019234135884148307,1.6347129821777344,0.6704093217849731,5102236.0,910,,,,,,,
1.5897124886512757,0.46057571964956195,0.10748465359210968,0.00019213262213873083,1.6016838073730468,0.6721412837505341,5158472.0,920,,,,,,,
1.632785052061081,0.4655819774718398,0.1429545283317566,0.0001919211953753677,1.617061233520508,0.6701374590396881,5214955.0,930,,,,,,,
1.5929356276988984,0.47058823529411764,0.14331023395061493,0.00019170708472456878,1.6016538619995118,0.6736051946878433,5270938.0,940,,,,,,,
1.6113287568092347,0.4755944931163955,0.10863888263702393,0.00019149029643787246,1.6061466217041016,0.6709825038909912,5327156.0,950,,,,,,,
1.598390907049179,0.4806007509386733,0.1289910078048706,0.00019127083684499806,1.5992243766784668,0.6735679268836975,5382940.0,960,,,,,,,
1.592774349451065,0.4856070087609512,0.1209947019815445,0.0001910487123536607,1.5916525840759277,0.6732287019491195,5438635.0,970,,,,,,,
1.6161640226840972,0.490613266583229,0.14491312205791473,0.00019082392944938466,1.6252716064453125,0.6700460255146027,5495176.0,980,,,,,,,
1.6261336147785186,0.4956195244055069,0.11273684352636337,0.0001905964946953135,1.6226917266845704,0.6702668577432632,5551246.0,990,,,,,,,
1.6216101169586181,0.5006257822277848,0.11583723872900009,0.00019036641473201886,1.615752601623535,0.6700866252183915,5607519.0,1000,,,,,,,
,0.5006257822277848,,,,,,1000,1.6093585748672485,1.6086708307266235,0.6726731034517288,5607519.0,93.1792,171.476,5.366
1.6140819549560548,0.5056320400500626,0.12060166150331497,0.00019013369627730636,1.6200969696044922,0.6700386315584183,5663624.0,1010,,,,,,,
1.6145291209220887,0.5106382978723404,0.11899071931838989,0.0001898983461260195,1.6097015380859374,0.6724130779504776,5719334.0,1020,,,,,,,
1.6179501235485076,0.5156445556946183,0.12616315484046936,0.00018966037114984127,1.618840789794922,0.6739095479249955,5775031.0,1030,,,,,,,
1.5952435791492463,0.5206508135168961,0.11397749185562134,0.0001894197782970935,1.5913933753967284,0.6737437814474105,5831125.0,1040,,,,,,,
1.617815124988556,0.5256570713391739,0.11419965326786041,0.00018917657459253397,1.6196712493896483,0.6721511781215668,5887375.0,1050,,,,,,,
1.6113206148147583,0.5306633291614519,0.12007665634155273,0.00018893076713715138,1.5965591430664063,0.6752559065818786,5943540.0,1060,,,,,,,
1.600024253129959,0.5356695869837297,0.10445678234100342,0.0001886823631079579,1.606805419921875,0.6712994903326035,5999783.0,1070,,,,,,,
1.61014484167099,0.5406758448060075,0.13322965800762177,0.00018843136975777973,1.618108367919922,0.669800215959549,6056115.0,1080,,,,,,,
1.6302640795707704,0.5456821026282853,0.1499110907316208,0.00018817779441504531,1.62913818359375,0.6720748603343963,6112259.0,1090,,,,,,,
1.6056984126567841,0.5506883604505632,0.13398295640945435,0.00018792164448357124,1.6034442901611328,0.6729745715856552,6168488.0,1100,,,,,,,
1.6102338314056397,0.5556946182728411,0.11944113671779633,0.00018766292744234626,1.6104396820068358,0.6721520960330963,6224221.0,1110,,,,,,,
1.599542933702469,0.5607008760951189,0.1532888114452362,0.00018740165084531275,1.5970531463623048,0.6737956970930099,6279989.0,1120,,,,,,,
1.6090455412864686,0.5657071339173968,0.12209988385438919,0.00018713782232114632,1.6171173095703124,0.6711248874664306,6336356.0,1130,,,,,,,
1.6084576010704041,0.5707133917396746,0.12437658756971359,0.00018687144957303287,1.5921464920043946,0.6746053278446198,6392120.0,1140,,,,,,,
1.6049882888793945,0.5757196495619524,0.1173933818936348,0.00018660254037844388,1.6192296981811523,0.6730830430984497,6448373.0,1150,,,,,,,
1.6208002328872682,0.5807259073842302,0.13013122975826263,0.00018633110258890919,1.6081989288330079,0.6727304428815841,6504394.0,1160,,,,,,,
1.6082669496536255,0.5857321652065082,0.12454131990671158,0.00018605714412978775,1.5974924087524414,0.672361221909523,6560665.0,1170,,,,,,,
1.599181580543518,0.590738423028786,0.11399997025728226,0.00018578067300003634,1.604780387878418,0.672927337884903,6616725.0,1180,,,,,,,
1.59631667137146,0.5957446808510638,0.1304246187210083,0.00018550169727197594,1.5884644508361816,0.6740400344133377,6672628.0,1190,,,,,,,
1.5888906955718993,0.6007509386733417,0.13487973809242249,0.000185220225091056,1.5902274131774903,0.6751633942127228,6728823.0,1200,,,,,,,
,0.6007509386733417,,,,,,1200,1.584125634908676,1.6046370267868042,0.6731446202993393,6728823.0,93.1794,171.476,5.366
1.6089500963687897,0.6057571964956195,0.11958964914083481,0.00018493626467561668,1.600367546081543,0.6745245307683945,6784940.0,1210,,,,,,,
1.5845946490764617,0.6107634543178974,0.11730703711509705,0.0001846498243166488,1.6045402526855468,0.6709602147340774,6840915.0,1220,,,,,,,
1.60962016582489,0.6157697121401752,0.12070736289024353,0.00018436091237755188,1.5947537422180176,0.672858589887619,6897209.0,1230,,,,,,,
1.5876928687095642,0.6207759699624531,0.12087767571210861,0.0001840695372938899,1.5905326843261718,0.6746975809335709,6953669.0,1240,,,,,,,
1.610719722509384,0.6257822277847309,0.127564936876297,0.00018377570757314502,1.6193984985351562,0.6711161583662033,7009544.0,1250,,,,,,,
1.621977263689041,0.6307884856070087,0.10856972634792328,0.00018347943179446903,1.615983772277832,0.6729673415422439,7065615.0,1260,,,,,,,
1.6084205210208893,0.6357947434292867,0.10904170572757721,0.00018318071860843317,1.614997100830078,0.6712747514247894,7121759.0,1270,,,,,,,
1.6023276627063752,0.6408010012515645,0.14189620316028595,0.00018287957673677517,1.5980035781860351,0.6734798133373261,7177510.0,1280,,,,,,,
1.6179212391376496,0.6458072590738423,0.1242731437087059,0.00018257601497214494,1.6175872802734375,0.6702918082475662,7233829.0,1290,,,,,,,
1.6005390286445618,0.6508135168961201,0.16215060651302338,0.00018227004217784764,1.6084138870239257,0.6730696469545364,7289814.0,1300,,,,,,,
1.6132639467716217,0.655819774718398,0.12994156777858734,0.00018196166728758496,1.6199684143066406,0.6716090947389602,7345999.0,1310,,,,,,,
1.5935693979263306,0.6608260325406758,0.10194486379623413,0.0001816508993051943,1.590827178955078,0.6739019304513931,7402080.0,1320,,,,,,,
1.6190763473510743,0.6658322903629537,0.1267416775226593,0.00018133774730438575,1.6151464462280274,0.6719664067029953,7458035.0,1330,,,,,,,
1.5976903796195985,0.6708385481852316,0.12851044535636902,0.00018102222042847737,1.5983933448791503,0.6735197514295578,7514044.0,1340,,,,,,,
1.6045840501785278,0.6758448060075094,0.11154075711965561,0.00018070432789012796,1.5942265510559082,0.67291479408741,7570074.0,1350,,,,,,,
1.5837538361549377,0.6808510638297872,0.11737016588449478,0.00018038407897106844,1.5920637130737305,0.67275430560112,7626383.0,1360,,,,,,,
1.6011429667472838,0.685857321652065,0.13658665120601654,0.0001800614830218304,1.598739242553711,0.6734834790229798,7682438.0,1370,,,,,,,
1.6137411415576934,0.690863579474343,0.13961252570152283,0.00017973654946147342,1.6056247711181642,0.6740989565849305,7738464.0,1380,,,,,,,
1.5886770963668824,0.6958698372966208,0.11908960342407227,0.00017940928777731001,1.6050643920898438,0.6749445974826813,7794184.0,1390,,,,,,,
1.596128648519516,0.7008760951188986,0.11686120182275772,0.00017907970752462836,1.594891357421875,0.6752003908157349,7850249.0,1400,,,,,,,
,0.7008760951188986,,,,,,1400,1.6046158599853515,1.5997846126556396,0.6737321183681488,7850249.0,93.3604,171.143,5.356
1.615240705013275,0.7058823529411765,0.10059287399053574,0.00017874781832641375,1.5974821090698241,0.6748194754123688,7906557.0,1410,,,,,,,
1.597364604473114,0.7108886107634543,0.11263401806354523,0.0001784136298730671,1.6043983459472657,0.6725649505853653,7962661.0,1420,,,,,,,
1.6216188549995423,0.7158948685857321,0.14834503829479218,0.00017807715192212257,1.621065902709961,0.6723865836858749,8018619.0,1430,,,,,,,
1.6246108055114745,0.72090112640801,0.12851466238498688,0.00017773839429796219,1.6134262084960938,0.6716205775737762,8074790.0,1440,,,,,,,
1.5810465693473816,0.7259073842302879,0.11301487684249878,0.00017739736689152918,1.589834499359131,0.6737305343151092,8130804.0,1450,,,,,,,
1.6113568544387817,0.7309136420525657,0.10509232431650162,0.0001770540796600394,1.6068809509277344,0.6739504903554916,8186857.0,1460,,,,,,,
1.605459314584732,0.7359198998748435,0.1277335286140442,0.00017670854262669017,1.589552116394043,0.6730874329805374,8243196.0,1470,,,,,,,
1.575092428922653,0.7409261576971214,0.113795205950737,0.00017636076588036797,1.5820457458496093,0.6771548718214035,8299142.0,1480,,,,,,,
1.6152434349060059,0.7459324155193993,0.12187716364860535,0.00017601075957535364,1.6127216339111328,0.6729263603687287,8355273.0,1490,,,,,,,
1.6029870808124542,0.7509386733416771,0.11224226653575897,0.00017565853393102621,1.6075897216796875,0.6735810577869416,8411007.0,1500,,,,,,,
1.5969232857227325,0.7559449311639549,0.11872748285531998,0.0001753040992315641,1.5841392517089843,0.6756225556135178,8467111.0,1510,,,,,,,
1.5790357768535614,0.7609511889862328,0.127827987074852,0.00017494746582564515,1.6026430130004883,0.6735600024461746,8522794.0,1520,,,,,,,
1.608495181798935,0.7659574468085106,0.12893196940422058,0.00017458864412614434,1.5787506103515625,0.6754490375518799,8578845.0,1530,,,,,,,
1.587630718946457,0.7709637046307884,0.1088680550456047,0.00017422764460982987,1.604583740234375,0.6720377296209336,8634966.0,1540,,,,,,,
1.606799727678299,0.7759699624530664,0.11493698507547379,0.00017386447781705705,1.6045917510986327,0.6706883370876312,8691222.0,1550,,,,,,,
1.5934357583522796,0.7809762202753442,0.1095467209815979,0.0001734991543514608,1.595798397064209,0.6743579894304276,8747196.0,1560,,,,,,,
1.6212707996368407,0.785982478097622,0.11775851249694824,0.00017313168487964587,1.621056365966797,0.6690400600433349,8803684.0,1570,,,,,,,
1.600817972421646,0.7909887359198998,0.109262615442276,0.00017276208013087543,1.5933040618896483,0.6750837862491608,8859668.0,1580,,,,,,,
1.5830455005168915,0.7959949937421777,0.11807243525981903,0.00017239035089675783,1.5913909912109374,0.6742917567491531,8915701.0,1590,,,,,,,
1.609613025188446,0.8010012515644556,0.15646301209926605,0.0001720165080309316,1.6109939575195313,0.6741882979869842,8971767.0,1600,,,,,,,
,0.8010012515644556,,,,,,1600,1.6109751214981078,1.5957194566726685,0.6738133933544159,8971767.0,93.1765,171.481,5.366
1.621089106798172,0.8060075093867334,0.11577460169792175,0.00017164056244874828,1.6143657684326171,0.6722483187913895,9027969.0,1610,,,,,,,
1.5955289125442504,0.8110137672090113,0.11476154625415802,0.00017126252512695406,1.601926612854004,0.6731724888086319,9083961.0,1620,,,,,,,
1.602685236930847,0.8160200250312891,0.11491271108388901,0.00017088240710336902,1.600965690612793,0.6734330058097839,9139853.0,1630,,,,,,,
1.6016723096370697,0.8210262828535669,0.1248546689748764,0.00017050021947656498,1.6021949768066406,0.6719350129365921,9195825.0,1640,,,,,,,
1.5857258439064026,0.8260325406758448,0.12008020281791687,0.0001701159734055414,1.5874459266662597,0.6764412760734558,9252065.0,1650,,,,,,,
1.5980692863464356,0.8310387984981227,0.11796014755964279,0.00016972968010939954,1.6031238555908203,0.6728359013795853,9307848.0,1660,,,,,,,
1.6074587762355805,0.8360450563204005,0.12744620442390442,0.000169341350867015,1.5904595375061035,0.6750675797462463,9363881.0,1670,,,,,,,
1.6220998466014862,0.8410513141426783,0.1277107298374176,0.0001689509970167083,1.6121181488037108,0.6720896750688553,9420436.0,1680,,,,,,,
1.5937649309635162,0.8460575719649562,0.11711747944355011,0.00016855862995591382,1.605736541748047,0.6732141494750976,9476468.0,1690,,,,,,,
1.5851001143455505,0.851063829787234,0.12220308929681778,0.00016816426114084706,1.5900424003601075,0.6747588008642197,9532546.0,1700,,,,,,,
1.6273406207561494,0.8560700876095119,0.10901584476232529,0.0001677679020861702,1.6231050491333008,0.6701043486595154,9588474.0,1710,,,,,,,
1.6093545019626618,0.8610763454317898,0.12186327576637268,0.00016736956436465573,1.6034934997558594,0.674820476770401,9644702.0,1720,,,,,,,
1.5824902474880218,0.8660826032540676,0.13101822137832642,0.0001669692596068488,1.591165542602539,0.6727859020233155,9700526.0,1730,,,,,,,
1.6044472992420196,0.8710888610763454,0.11351779848337173,0.00016656699950072732,1.5904666900634765,0.673679742217064,9756592.0,1740,,,,,,,
1.5755155205726623,0.8760951188986232,0.11868852376937866,0.00016616279579136106,1.5788566589355468,0.6764753669500351,9812646.0,1750,,,,,,,
1.5958462059497833,0.8811013767209012,0.1192227154970169,0.00016575666028056837,1.6071496963500977,0.6720058530569076,9868852.0,1760,,,,,,,
1.58760826587677,0.886107634543179,0.11365671455860138,0.0001653486048265719,1.5657459259033204,0.6772562563419342,9924946.0,1770,,,,,,,
1.5943311035633088,0.8911138923654568,0.11536060273647308,0.00016493864134365212,1.60421142578125,0.673906272649765,9980981.0,1780,,,,,,,
1.5874447286128999,0.8961201501877347,0.12119970470666885,0.0001645267818017996,1.592883586883545,0.6739151954650879,10036828.0,1790,,,,,,,
1.5938894033432007,0.9011264080100125,0.1393025666475296,0.00016411303822636545,1.5798063278198242,0.6742055684328079,10092919.0,1800,,,,,,,
,0.9011264080100125,,,,,,1800,1.5780672359466552,1.5916917324066162,0.674508123755455,10092919.0,93.2839,171.284,5.36
1.5841951489448547,0.9061326658322904,0.12242100387811661,0.00016369742269771025,1.586102294921875,0.6754352241754532,10149044.0,1810,,,,,,,
1.5909694731235504,0.9111389236545682,0.1206810250878334,0.00016327994735085126,1.6002309799194336,0.673511978983879,10205099.0,1820,,,,,,,
1.5999309122562408,0.9161451814768461,0.12017905712127686,0.0001628606243751082,1.6032882690429688,0.673613253235817,10260829.0,1830,,,,,,,
1.6155083119869231,0.9211514392991239,0.12152890115976334,0.00016243946601374732,1.607528305053711,0.6756277710199357,10316850.0,1840,,,,,,,
1.5947041392326355,0.9261576971214017,0.10767794400453568,0.00016201648456362386,1.6004188537597657,0.6708533376455307,10373510.0,1850,,,,,,,
1.5928019046783448,0.9311639549436797,0.12866678833961487,0.00016159169237482308,1.5878610610961914,0.6754062205553055,10429539.0,1860,,,,,,,
1.5889404237270355,0.9361702127659575,0.11776486039161682,0.00016116510185029958,1.5767012596130372,0.6754772186279296,10485557.0,1870,,,,,,,
1.5598160445690155,0.9411764705882353,0.11319736391305923,0.00016073672544551537,1.5751800537109375,0.6781376123428344,10541214.0,1880,,,,,,,
1.592981505393982,0.9461827284105131,0.11855823546648026,0.00016030657566807593,1.5941577911376954,0.6719854980707168,10597638.0,1890,,,,,,,
1.5848001956939697,0.951188986232791,0.11572335660457611,0.00015987466507736512,1.579630184173584,0.6759804069995881,10653645.0,1900,,,,,,,
1.5802365720272065,0.9561952440550688,0.11096642166376114,0.00015944100628417868,1.579396629333496,0.6759378999471665,10709770.0,1910,,,,,,,
1.6066572487354278,0.9612015018773467,0.11176709085702896,0.00015900561195035566,1.6013246536254884,0.6746993452310562,10765370.0,1920,,,,,,,
1.5931527376174928,0.9662077596996246,0.10702253133058548,0.0001585684947884089,1.5930370330810546,0.6744529902935028,10821438.0,1930,,,,,,,
1.5755719661712646,0.9712140175219024,0.12391271442174911,0.00015812966756115405,1.580069637298584,0.6751438796520233,10877473.0,1940,,,,,,,
1.593848955631256,0.9762202753441802,0.12953318655490875,0.0001576891430813365,1.5887113571166993,0.6734921783208847,10933571.0,1950,,,,,,,
1.5842527508735658,0.981226533166458,0.12808765470981598,0.0001572469342112576,1.5904075622558593,0.6729817897081375,10989639.0,1960,,,,,,,
1.5911892831325531,0.986232790988736,0.12045130133628845,0.00015680305386239914,1.5850677490234375,0.6717838883399964,11046126.0,1970,,,,,,,
1.6077002823352813,0.9912390488110138,0.14749807119369507,0.00015635751499504602,1.6152027130126954,0.6721589356660843,11102404.0,1980,,,,,,,
1.6201017916202545,0.9962453066332916,0.11649095267057419,0.00015591033061790828,1.6180675506591797,0.6728500694036483,11158758.0,1990,,,,,,,
1.5860452840202732,1.0010012515644555,0.11849051713943481,0.00015546151378774086,1.5778406143188477,0.6773280595478258,11211392.0,2000,,,,,,,
,1.0010012515644555,,,,,,2000,1.5919939382076262,1.5879466533660889,0.6749887336492538,11211392.0,93.2997,171.255,5.359
1.5945801258087158,1.0060075093867333,0.1123676598072052,0.00015501107760896283,1.5961651802062988,0.6760867863893509,11267802.0,2010,,,,,,,
1.5566658616065978,1.0110137672090114,0.11122682690620422,0.0001545590352332742,1.5461583137512207,0.6793880581855773,11324091.0,2020,,,,,,,
1.577490997314453,1.0160200250312892,0.10766011476516724,0.00015410539985927249,1.5742506027221679,0.6744940012693406,11380453.0,2030,,,,,,,
1.5945623099803925,1.021026282853567,0.11906394362449646,0.00015365018473206696,1.5933914184570312,0.674457260966301,11436866.0,2040,,,,,,,
1.5772224545478821,1.0260325406758448,0.12191001325845718,0.0001531934031428921,1.5698366165161133,0.6752809435129166,11492993.0,2050,,,,,,,
1.5801422715187072,1.0310387984981226,0.13640248775482178,0.00015273506842871949,1.5843353271484375,0.6742888629436493,11549323.0,2060,,,,,,,
1.5910691380500794,1.0360450563204004,0.12608946859836578,0.0001522751939718683,1.5894853591918945,0.6737815707921981,11605492.0,2070,,,,,,,
1.5729144930839538,1.0410513141426783,0.14068952202796936,0.0001518137931996148,1.5650298118591308,0.6760359883308411,11661718.0,2080,,,,,,,
1.5865749657154082,1.0460575719649563,0.11908424645662308,0.00015135087958379997,1.5924692153930664,0.6755334079265595,11717838.0,2090,,,,,,,
1.5861674845218658,1.0510638297872341,0.170114204287529,0.0001508864666404365,1.5800848960876466,0.6750261574983597,11773684.0,2100,,,,,,,
1.563867449760437,1.056070087609512,0.1261322945356369,0.0001504205679293139,1.5630620956420898,0.6790117204189301,11829884.0,2110,,,,,,,
1.5708119988441467,1.0610763454317897,0.12791012227535248,0.00014995319705360274,1.5712158203125,0.676830279827118,11885872.0,2120,,,,,,,
1.559036558866501,1.0660826032540676,0.1311778426170349,0.00014948436765945734,1.5620807647705077,0.679058489203453,11941924.0,2130,,,,,,,
1.5580942273139953,1.0710888610763454,0.1536208987236023,0.0001490140934356175,1.5554452896118165,0.6783315896987915,11997985.0,2140,,,,,,,
1.5641486704349519,1.0760951188986232,0.1262511909008026,0.00014854238811300857,1.565633773803711,0.6801555663347244,12053989.0,2150,,,,,,,
1.5810916304588318,1.0811013767209012,0.1389867514371872,0.00014806926546434093,1.5800533294677734,0.6738681763410568,12110071.0,2160,,,,,,,
1.5764207005500794,1.086107634543179,0.1258906126022339,0.00014759473930370736,1.5751795768737793,0.6766557693481445,12166195.0,2170,,,,,,,
1.5683566093444825,1.0911138923654569,0.12345888465642929,0.00014711882348618016,1.5645936965942382,0.6777775377035141,12222418.0,2180,,,,,,,
1.558412754535675,1.0961201501877347,0.1351907104253769,0.00014664153190740626,1.559992218017578,0.6773640394210816,12278428.0,2190,,,,,,,
1.5767070174217224,1.1011264080100125,0.1282491534948349,0.00014616287850320177,1.5622770309448242,0.6771186143159866,12334621.0,2200,,,,,,,
,1.1011264080100125,,,,,,2200,1.5747680234909058,1.5844740867614746,0.6753199270963669,12334621.0,93.3399,171.181,5.357
1.546064120531082,1.1061326658322903,0.13908332586288452,0.00014568287724914494,1.5562538146972655,0.6788437515497208,12390781.0,2210,,,,,,,
1.5722222983837129,1.1111389236545681,0.12868750095367432,0.0001452015421601681,1.5613356590270997,0.6795253574848175,12446327.0,2220,,,,,,,
1.57459676861763,1.1161451814768462,0.13518555462360382,0.00014471888729014856,1.585111427307129,0.6746719449758529,12502260.0,2230,,,,,,,
1.5771250307559967,1.121151439299124,0.15039417147636414,0.00014423492673149805,1.5743921279907227,0.6757149398326874,12558361.0,2240,,,,,,,
1.577318161725998,1.1261576971214018,0.15728744864463806,0.00014374967461475163,1.5741798400878906,0.6755434364080429,12614001.0,2250,,,,,,,
1.5785878837108611,1.1311639549436796,0.12603558599948883,0.00014326314510815463,1.5751951217651368,0.6774070590734482,12669929.0,2260,,,,,,,
1.562371426820755,1.1361702127659574,0.13830098509788513,0.00014277535241724948,1.5562400817871094,0.677818101644516,12726043.0,2270,,,,,,,
1.5886513948440553,1.1411764705882352,0.12094199657440186,0.00014228631078446052,1.5808735847473145,0.676140519976616,12782125.0,2280,,,,,,,
1.5822252810001374,1.146182728410513,0.1234612911939621,0.00014179603448867835,1.5795722007751465,0.67599336206913,12838020.0,2290,,,,,,,
1.5716466724872589,1.1511889862327909,0.13213540613651276,0.0001413045378448429,1.5797609329223632,0.6763422071933747,12894372.0,2300,,,,,,,
1.5686267614364624,1.156195244055069,0.13871370255947113,0.0001408118352035255,1.5667576789855957,0.674693438410759,12950487.0,2310,,,,,,,
1.5845571637153626,1.1612015018773467,0.12287107110023499,0.00014031794095050975,1.577505874633789,0.6751089304685592,13006490.0,2320,,,,,,,
1.5760761499404907,1.1662077596996245,0.1318913996219635,0.0001398228695063716,1.578033447265625,0.6770427793264389,13062478.0,2330,,,,,,,
1.5663810551166535,1.1712140175219024,0.12980833649635315,0.0001393266353260583,1.5556445121765137,0.6800290197134018,13118480.0,2340,,,,,,,
1.5696261525154114,1.1762202753441802,0.13247297704219818,0.00013882925289846636,1.5677604675292969,0.6773127645254136,13174517.0,2350,,,,,,,
1.5588291704654693,1.181226533166458,0.12935154139995575,0.00013833073674601832,1.5649330139160156,0.6764627426862717,13230607.0,2360,,,,,,,
1.5670303702354431,1.1862327909887358,0.13653914630413055,0.00013783110142423903,1.5593952178955077,0.6786436378955841,13286729.0,2370,,,,,,,
1.5754393219947815,1.1912390488110138,0.12174154072999954,0.0001373303615213304,1.578316879272461,0.6757301211357116,13343080.0,2380,,,,,,,
1.5793437302112578,1.1962453066332916,0.13998307287693024,0.00013682853165774569,1.5647932052612306,0.6779752939939498,13399177.0,2390,,,,,,,
1.5527067005634307,1.2012515644555695,0.1280611753463745,0.0001363256264857624,1.5626189231872558,0.67692229449749,13455089.0,2400,,,,,,,
,1.2012515644555695,,,,,,2400,1.559352113723755,1.5815401077270508,0.6756798292398453,13455089.0,93.2476,171.35,5.362
1.5572424173355102,1.2062578222778473,0.13835930824279785,0.00013582166068905452,1.5479827880859376,0.6785651773214341,13511094.0,2410,,,,,,,
1.5464846789836884,1.211264080100125,0.13114503026008606,0.00013531664898226405,1.5602230072021483,0.6783903747797012,13567218.0,2420,,,,,,,
1.5754963874816894,1.216270337922403,0.13232694566249847,0.00013481060611057096,1.568827247619629,0.6772169411182404,13623039.0,2430,,,,,,,
1.5452071011066437,1.2212765957446807,0.1310110092163086,0.0001343035468492629,1.544064426422119,0.6757742911577225,13679012.0,2440,,,,,,,
1.592217093706131,1.2262828535669588,0.1410384327173233,0.00013379548600330382,1.5983125686645507,0.6723361849784851,13734888.0,2450,,,,,,,
1.5824482083320617,1.2312891113892366,0.12176979333162308,0.0001332864384069016,1.5679897308349608,0.6757546454668045,13790685.0,2460,,,,,,,
1.5504255950450898,1.2362953692115144,0.13396665453910828,0.00013277641892307494,1.5611031532287598,0.6765029221773148,13846790.0,2470,,,,,,,
1.5609077036380767,1.2413016270337922,0.13036037981510162,0.0001322654424432195,1.5679140090942383,0.6775542169809341,13902634.0,2480,,,,,,,
1.6087363183498382,1.24630788485607,0.13595913350582123,0.0001317535238866729,1.5877019882202148,0.6720054358243942,13959028.0,2490,,,,,,,
1.5617659628391265,1.251314142678348,0.14535844326019287,0.00013124067820027935,1.570988082885742,0.6745164453983307,14014764.0,2500,,,,,,,
1.5760513126850129,1.2563204005006257,0.13585376739501953,0.00013072692035795305,1.5737048149108888,0.6779055774211884,14071108.0,2510,,,,,,,
1.5756128072738647,1.2613266583229037,0.13458694517612457,0.00013021226536024107,1.5687664031982422,0.6769630044698716,14126834.0,2520,,,,,,,
1.5437370896339417,1.2663329161451815,0.1386326104402542,0.00012969672823388533,1.5485850334167481,0.6807141602039337,14183028.0,2530,,,,,,,
1.5707907855510712,1.2713391739674593,0.1280984878540039,0.00012918032403138393,1.5682252883911132,0.6785576730966568,14239005.0,2540,,,,,,,
1.5772607803344727,1.2763454317897371,0.1216217651963234,0.00012866306783055153,1.565519428253174,0.6767635852098465,14295276.0,2550,,,,,,,
1.5535754084587097,1.281351689612015,0.14651939272880554,0.0001281449747340793,1.5590137481689452,0.6777679830789566,14351443.0,2560,,,,,,,
1.573981899023056,1.286357947434293,0.13301433622837067,0.00012762605986909372,1.5685284614562989,0.6753051072359085,14407423.0,2570,,,,,,,
1.5851174116134643,1.2913642052565706,0.12308617681264877,0.00012710633838671498,1.5919142723083497,0.6723243653774261,14463882.0,2580,,,,,,,
1.5730174362659455,1.2963704630788486,0.164145365357399,0.00012658582546161486,1.5582362174987794,0.6785054385662079,14519889.0,2590,,,,,,,
1.5478833138942718,1.3013767209011264,0.13438819348812103,0.0001260645362915732,1.5533035278320313,0.6788629442453384,14575985.0,2600,,,,,,,
,1.3013767209011264,,,,,,2600,1.5477210114002227,1.5777809619903564,0.6762314006090164,14575985.0,93.2009,171.436,5.365
1.568009650707245,1.3063829787234043,0.14819087088108063,0.00012554248609703458,1.5682350158691407,0.6767814189195633,14631883.0,2610,,,,,,,
1.563897055387497,1.311389236545682,0.12385265529155731,0.00012501969012066366,1.5624252319335938,0.6768247604370117,14688137.0,2620,,,,,,,
1.5586807429790497,1.3163954943679599,0.14510540664196014,0.0001244961636269002,1.5610389709472656,0.6766799122095108,14744467.0,2630,,,,,,,
1.5813532710075378,1.321401752190238,0.14711275696754456,0.00012397192190151344,1.570887279510498,0.6767986297607422,14800354.0,2640,,,,,,,
1.5621143996715545,1.3264080100125155,0.12984323501586914,0.00012344698025115576,1.5616561889648437,0.6792801231145859,14856469.0,2650,,,,,,,
1.5836746156215669,1.3314142678347936,0.13379910588264465,0.00012292135400291562,1.5834259033203124,0.6730788439512253,14912502.0,2660,,,,,,,
1.5746320128440856,1.3364205256570714,0.15311866998672485,0.0001223950585038703,1.5639572143554688,0.6773350477218628,14968660.0,2670,,,,,,,
1.552008068561554,1.3414267834793492,0.1479804962873459,0.0001218681091206376,1.546970748901367,0.6796136200428009,15025051.0,2680,,,,,,,
1.5491533935070039,1.346433041301627,0.1383146196603775,0.00012134052123892721,1.559248161315918,0.6780587464571,15081107.0,2690,,,,,,,
1.5700091660022735,1.3514392991239048,0.12681573629379272,0.00012081231026309153,1.559193992614746,0.678488764166832,15137071.0,2700,,,,,,,
1.5417871594429016,1.3564455569461829,0.15070031583309174,0.00012028349161567588,1.555501651763916,0.6822928339242935,15193057.0,2710,,,,,,,
1.5768081545829773,1.3614518147684604,0.13352026045322418,0.00011975408073696825,1.5652876853942872,0.6776537120342254,15249018.0,2720,,,,,,,
1.5848393201828004,1.3664580725907385,0.14560620486736298,0.0001192240930845483,1.5752041816711426,0.6756856441497803,15304965.0,2730,,,,,,,
1.5753995180130005,1.3714643304130163,0.15741023421287537,0.00011869354413283624,1.582845401763916,0.6744513541460038,15360928.0,2740,,,,,,,
1.5655356287956237,1.3764705882352941,0.14979860186576843,0.00011816244937264089,1.5635229110717774,0.6760844409465789,15416971.0,2750,,,,,,,
1.5525499701499939,1.381476846057572,0.15505333244800568,0.00011763082431070748,1.5539244651794433,0.6791808933019639,15472829.0,2760,,,,,,,
1.5571353375911712,1.3864831038798497,0.13415226340293884,0.00011709868446926472,1.5556102752685548,0.6780540496110916,15528861.0,2770,,,,,,,
1.5592953324317933,1.3914893617021278,0.15121203660964966,0.00011656604538557188,1.555313491821289,0.6784975349903106,15585220.0,2780,,,,,,,
1.5612066268920899,1.3964956195244054,0.1606413573026657,0.00011603292261146473,1.5457698822021484,0.680217656493187,15641666.0,2790,,,,,,,
1.5440621376037598,1.4015018773466834,0.17603960633277893,0.00011549933171290184,1.5511343002319335,0.6771059542894363,15697477.0,2800,,,,,,,
,1.4015018773466834,,,,,,2800,1.5550023140907288,1.5745967626571655,0.6768450385332108,15697477.0,93.2345,171.374,5.363
1.5783121049404145,1.4065081351689612,0.1442902833223343,0.0001149652882695099,1.562952423095703,0.676763454079628,15753727.0,2810,,,,,,,
1.5587973415851593,1.411514392991239,0.13226881623268127,0.00011443080787412885,1.5670949935913085,0.678487116098404,15810020.0,2820,,,,,,,
1.5744273126125337,1.4165206508135169,0.16036438941955566,0.00011389590613235665,1.5702201843261718,0.6764467179775238,15866229.0,2830,,,,,,,
1.5766503512859344,1.4215269086357947,0.17379391193389893,0.00011336059866209361,1.5689334869384766,0.6782287657260895,15922187.0,2840,,,,,,,
1.5613574028015136,1.4265331664580727,0.14617253839969635,0.00011282490109308633,1.555959415435791,0.6781673043966293,15978380.0,2850,,,,,,,
1.560879248380661,1.4315394242803503,0.15665403008460999,0.00011228882906647142,1.577906608581543,0.675669327378273,16034107.0,2860,,,,,,,
1.56143639087677,1.4365456821026283,0.14375197887420654,0.00011175239823431882,1.5460073471069335,0.6778019845485688,16090321.0,2870,,,,,,,
1.5618367910385131,1.4415519399249062,0.15497340261936188,0.00011121562425917476,1.5663049697875977,0.6754740625619888,16146678.0,2880,,,,,,,
1.5610088050365447,1.446558197747184,0.17599962651729584,0.00011067852281360442,1.5536272048950195,0.6796118706464768,16202686.0,2890,,,,,,,
1.554321926832199,1.4515644555694618,0.15346045792102814,0.00011014110957973435,1.5536001205444336,0.6777663946151733,16258765.0,2900,,,,,,,
1.5485344588756562,1.4565707133917396,0.14499516785144806,0.00010960340024879469,1.5546817779541016,0.6794584691524506,16314697.0,2910,,,,,,,
1.5877367019653321,1.4615769712140176,0.15250301361083984,0.00010906541052066084,1.5746843338012695,0.6745954543352127,16370951.0,2920,,,,,,,
1.5536395609378815,1.4665832290362952,0.1379024237394333,0.00010852715610339524,1.55493106842041,0.6789035618305206,16426981.0,2930,,,,,,,
1.5504722774028779,1.4715894868585733,0.14340104162693024,0.0001079886527127885,1.555373191833496,0.6792027711868286,16483180.0,2940,,,,,,,
1.5801715791225432,1.476595744680851,0.14836618304252625,0.00010744991607190089,1.5843474388122558,0.6776536107063293,16538977.0,2950,,,,,,,
1.5653235614299774,1.481602002503129,0.14355584979057312,0.00010691096191060281,1.5554314613342286,0.6779067039489746,16595404.0,2960,,,,,,,
1.546592003107071,1.4866082603254067,0.13282491266727448,0.00010637180596511598,1.5444866180419923,0.6799294173717498,16651646.0,2970,,,,,,,
1.5499625980854035,1.4916145181476845,0.13753682374954224,0.0001058324639775536,1.546726608276367,0.6809099018573761,16708169.0,2980,,,,,,,
1.5378082692623138,1.4966207759699626,0.15073126554489136,0.00010529295169546096,1.5481154441833496,0.6800771802663803,16764228.0,2990,,,,,,,
1.5755836367607117,1.5016270337922402,0.16048450767993927,0.0001047532848713555,1.5602561950683593,0.6775037705898285,16820449.0,3000,,,,,,,
,1.5016270337922402,,,,,,3000,1.5723846747875214,1.569539189338684,0.6771741038560868,16820449.0,93.3051,171.245,5.359
1.5481163084506988,1.5066332916145182,0.14626315236091614,0.00010421347926226697,1.5662019729614258,0.6798490822315216,16876464.0,3010,,,,,,,
1.5615328907966615,1.511639549436796,0.13237476348876953,0.00010367355062927726,1.5532997131347657,0.6794797360897065,16932330.0,3020,,,,,,,
1.5804100275039672,1.5166458072590738,0.15469449758529663,0.00010313351473706034,1.5679203033447267,0.6757521808147431,16988331.0,3030,,,,,,,
1.5482365190982819,1.5216520650813516,0.15570703148841858,0.00010259338735342196,1.5333335876464844,0.6836968332529068,17044621.0,3040,,,,,,,
1.5460306346416473,1.5266583229036295,0.1432768553495407,0.00010205318424883905,1.5557838439941407,0.6780806750059127,17100934.0,3050,,,,,,,
1.5634013950824737,1.5316645807259075,0.14755454659461975,0.00010151292119599953,1.5628250122070313,0.6781530052423477,17156902.0,3060,,,,,,,
1.5567057967185973,1.536670838548185,0.14458134770393372,0.00010097261396934162,1.556851577758789,0.6793006539344788,17212860.0,3070,,,,,,,
1.5579464852809906,1.5416770963704631,0.13729698956012726,0.00010043227834459336,1.5524330139160156,0.6796086579561234,17268726.0,3080,,,,,,,
1.5530649065971374,1.546683354192741,0.1413908451795578,9.98919300983119e-05,1.5453845977783203,0.6801139652729035,17324937.0,3090,,,,,,,
1.566487866640091,1.5516896120150188,0.14385181665420532,9.935158500742296e-05,1.5704856872558595,0.6785903066396713,17380694.0,3100,,,,,,,
1.5691238522529602,1.5566958698372966,0.14080853760242462,9.881125884876011e-05,1.5614307403564454,0.6783543974161148,17436956.0,3110,,,,,,,
1.540838885307312,1.5617021276595744,0.14514821767807007,9.827096739860409e-05,1.5452125549316407,0.6809269309043884,17492936.0,3120,,,,,,,
1.5481913089752197,1.5667083854818524,0.14605778455734253,9.773072643222233e-05,1.5548171997070312,0.677541795372963,17549124.0,3130,,,,,,,
1.568508642911911,1.57171464330413,0.15495619177818298,9.719055172340818e-05,1.5568230628967286,0.6787669956684113,17605162.0,3140,,,,,,,
1.5584912717342376,1.576720901126408,0.1584700644016266,9.665045904402042e-05,1.5670305252075196,0.67759467959404,17661515.0,3150,,,,,,,
1.5621709644794464,1.5817271589486859,0.15980663895606995,9.611046416352279e-05,1.562187099456787,0.6777732580900192,17717694.0,3160,,,,,,,
1.552631914615631,1.5867334167709637,0.15348446369171143,9.557058284852352e-05,1.545461368560791,0.6805446475744248,17773670.0,3170,,,,,,,
1.5473077893257141,1.5917396745932415,0.13432568311691284,9.5030830862315e-05,1.5438846588134765,0.6791702896356583,17829759.0,3180,,,,,,,
1.5384784817695618,1.5967459324155193,0.14666394889354706,9.449122396441345e-05,1.5361095428466798,0.6814829379320144,17886043.0,3190,,,,,,,
1.5605635941028595,1.6017521902377974,0.14493948221206665,9.395177791009896e-05,1.5718621253967284,0.6735922515392303,17942296.0,3200,,,,,,,
,1.6017521902377974,,,,,,3200,1.5679981489181518,1.5664294958114624,0.6776176841259003,17942296.0,93.3265,171.205,5.358
1.5586380302906035,1.606758448060075,0.15165287256240845,9.341250844995527e-05,1.541496467590332,0.6830880045890808,17998477.0,3210,,,,,,,
1.5383707702159881,1.611764705882353,0.1476181298494339,9.287343132941e-05,1.5522336959838867,0.6794387847185135,18054673.0,3220,,,,,,,
1.5478324472904206,1.6167709637046308,0.147108256816864,9.233456228827489e-05,1.5417810440063477,0.6819840550422669,18110713.0,3230,,,,,,,
1.587765109539032,1.6217772215269086,0.14389930665493011,9.179591706028626e-05,1.58289794921875,0.6762268543243408,18166873.0,3240,,,,,,,
1.526125329732895,1.6267834793491864,0.1511189341545105,9.125751137264556e-05,1.5213775634765625,0.6840080887079238,18222744.0,3250,,,,,,,
1.544196105003357,1.6317897371714642,0.14342448115348816,9.071936094556029e-05,1.5472562789916993,0.6796729534864425,18278991.0,3260,,,,,,,
1.5470124423503875,1.6367959949937423,0.15220586955547333,9.018148149178482e-05,1.5446180343627929,0.6805927753448486,18335058.0,3270,,,,,,,
1.5573761940002442,1.6418022528160199,0.1546567976474762,8.964388871616181e-05,1.5618486404418945,0.678239506483078,18391462.0,3280,,,,,,,
1.5539544999599457,1.646808510638298,0.17153839766979218,8.910659831516358e-05,1.5506086349487305,0.6811351835727691,18447055.0,3290,,,,,,,
1.5485805809497832,1.6518147684605757,0.14199954271316528,8.856962597643375e-05,1.535313034057617,0.6813176780939102,18503204.0,3300,,,,,,,
1.5325541377067566,1.6568210262828535,0.1468382626771927,8.803298737832922e-05,1.5365013122558593,0.6821705520153045,18559492.0,3310,,,,,,,
1.533290284872055,1.6618272841051314,0.14797915518283844,8.74966981894626e-05,1.5288211822509765,0.6828972667455673,18615517.0,3320,,,,,,,
1.538133293390274,1.6668335419274092,0.15244577825069427,8.69607740682444e-05,1.548201560974121,0.6792801737785339,18671387.0,3330,,,,,,,
1.5504858851432801,1.6718397997496872,0.1553374081850052,8.642523066242606e-05,1.5538881301879883,0.6798062890768051,18727153.0,3340,,,,,,,
1.5578720092773437,1.6768460575719648,0.1795617640018463,8.58900836086429e-05,1.551716423034668,0.6788382530212402,18783399.0,3350,,,,,,,
1.581961554288864,1.6818523153942428,0.15229812264442444,8.535534853195786e-05,1.5717637062072753,0.6745038300752639,18839867.0,3360,,,,,,,
1.5414532124996185,1.6868585732165207,0.14715249836444855,8.482104104540496e-05,1.532754898071289,0.6798280715942383,18896003.0,3370,,,,,,,
1.525468212366104,1.6918648310387985,0.15433187782764435,8.428717674953358e-05,1.5361652374267578,0.6813999503850937,18952177.0,3380,,,,,,,
1.5289571225643157,1.6968710888610763,0.16001597046852112,8.375377123195301e-05,1.5506603240966796,0.6811353325843811,19008220.0,3390,,,,,,,
1.6060771048069,1.701877346683354,0.1517675668001175,8.322084006687725e-05,1.575246524810791,0.6738307267427445,19064278.0,3400,,,,,,,
,1.701877346683354,,,,,,3400,1.5849956204891205,1.5614949464797974,0.6784635158777237,19064278.0,93.3318,171.196,5.357
1.5638258576393127,1.7068836045056321,0.1509755253791809,8.268839881467026e-05,1.562664794921875,0.6807577431201934,19120199.0,3410,,,,,,,
1.548925232887268,1.7118898623279097,0.13974040746688843,8.215646302139166e-05,1.5481507301330566,0.6797870069742202,19176385.0,3420,,,,,,,
1.5360661089420318,1.7168961201501878,0.16580578684806824,8.162504821834295e-05,1.539556121826172,0.6792022079229355,19232099.0,3430,,,,,,,
1.5504664957523346,1.7219023779724656,0.1528814733028412,8.109416992161385e-05,1.5412248611450194,0.6829411387443542,19288040.0,3440,,,,,,,
1.5256766557693482,1.7269086357947434,0.1681409627199173,8.056384363162922e-05,1.5358388900756836,0.6797402441501618,19344273.0,3450,,,,,,,
1.5655070662498474,1.7319148936170212,0.14647436141967773,8.003408483269668e-05,1.5618355751037598,0.6781644493341445,19400488.0,3460,,,,,,,
1.551798540353775,1.736921151439299,0.17530103027820587,7.950490899255452e-05,1.5384786605834961,0.6803990304470062,19456648.0,3470,,,,,,,
1.527780818939209,1.741927409261577,0.1468820869922638,7.897633156191982e-05,1.5309816360473634,0.6806214928627015,19512747.0,3480,,,,,,,
1.5565917909145355,1.7469336670838547,0.17242492735385895,7.844836797403756e-05,1.554527473449707,0.6772076606750488,19568921.0,3490,,,,,,,
1.5397023975849151,1.7519399249061327,0.14283154904842377,7.792103364422985e-05,1.5311880111694336,0.680481594800949,19625120.0,3500,,,,,,,
1.524426805973053,1.7569461827284105,0.15233652293682098,7.739434396944601e-05,1.531735610961914,0.6836968004703522,19681058.0,3510,,,,,,,
1.5607822477817535,1.7619524405506883,0.15488122403621674,7.686831432781288e-05,1.5661912918090821,0.6783360064029693,19737303.0,3520,,,,,,,
1.57746542096138,1.7669586983729664,0.15464332699775696,7.634296007818576e-05,1.5550310134887695,0.6771981567144394,19793363.0,3530,,,,,,,
1.5400972366333008,1.771964956195244,0.17289510369300842,7.581829655970023e-05,1.5420913696289062,0.6804943084716797,19849670.0,3540,,,,,,,
1.542715835571289,1.776971214017522,0.1677088439464569,7.529433909132399e-05,1.550806427001953,0.6790537565946579,19905892.0,3550,,,,,,,
1.550522243976593,1.7819774718397996,0.1917654275894165,7.477110297140971e-05,1.5415019989013672,0.681080985069275,19962097.0,3560,,,,,,,
1.553170883655548,1.7869837296620776,0.15625034272670746,7.424860347724831e-05,1.5512072563171386,0.6799239188432693,20018389.0,3570,,,,,,,
1.5391764760017395,1.7919899874843555,0.15108320116996765,7.37268558646231e-05,1.5298394203186034,0.6823994368314743,20074426.0,3580,,,,,,,
1.5276454865932465,1.7969962453066333,0.15051212906837463,7.320587536736399e-05,1.5319933891296387,0.6838552951812744,20130083.0,3590,,,,,,,
1.5569799661636352,1.8020025031289113,0.1558384895324707,7.268567719690298e-05,1.555886173248291,0.679479306936264,20186138.0,3600,,,,,,,
,1.8020025031289113,,,,,,3600,1.5586327533721924,1.5575146675109863,0.6789922585487366,20186138.0,93.3378,171.185,5.357
1.5237313032150268,1.807008760951189,0.17393463850021362,7.216627654182985e-05,1.5156059265136719,0.6846555203199387,20241815.0,3610,,,,,,,
1.5580791234970093,1.812015018773467,0.1623620092868805,7.164768856744892e-05,1.5646803855895997,0.6769922912120819,20297601.0,3620,,,,,,,
1.5529519855976104,1.8170212765957445,0.14477205276489258,7.112992841533596e-05,1.5391307830810548,0.6800666183233262,20353255.0,3630,,,,,,,
1.540922462940216,1.8220275344180226,0.1409740298986435,7.061301120289625e-05,1.5377342224121093,0.6837756842374801,20408866.0,3640,,,,,,,
1.5386558651924134,1.8270337922403004,0.16606895625591278,7.009695202292321e-05,1.538198184967041,0.68103047311306,20465233.0,3650,,,,,,,
1.5548026621341706,1.8320400500625782,0.15213462710380554,6.958176594315773e-05,1.5617667198181153,0.6798718482255935,20521308.0,3660,,,,,,,
1.5301673889160157,1.8370463078848562,0.1530509740114212,6.906746800584807e-05,1.5101396560668945,0.6861854463815689,20577479.0,3670,,,,,,,
1.5440265715122223,1.8420525657071338,0.1617928147315979,6.855407322731082e-05,1.548141860961914,0.6817859292030335,20633412.0,3680,,,,,,,
1.5368907153606415,1.8470588235294119,0.16365626454353333,6.804159659749249e-05,1.5469894409179688,0.6795081734657288,20688998.0,3690,,,,,,,
1.5329724252223969,1.8520650813516895,0.17932802438735962,6.753005307953167e-05,1.519636344909668,0.684812244772911,20745392.0,3700,,,,,,,
1.569230967760086,1.8570713391739675,0.15726609528064728,6.701945760932222e-05,1.5648506164550782,0.6785861790180207,20801332.0,3710,,,,,,,
1.5506263077259064,1.8620775969962453,0.15213128924369812,6.650982509507723e-05,1.5372303009033204,0.6804138064384461,20857284.0,3720,,,,,,,
1.51863072514534,1.8670838548185231,0.16872644424438477,6.600117041689373e-05,1.528333568572998,0.681890743970871,20913169.0,3730,,,,,,,
1.5301199316978455,1.8720901126408012,0.1606311798095703,6.549350842631809e-05,1.5352437973022461,0.6822607666254044,20969098.0,3740,,,,,,,
1.53530513048172,1.8770963704630788,0.1636774092912674,6.498685394591255e-05,1.5178215026855468,0.6859760969877243,21024815.0,3750,,,,,,,
1.5432330906391143,1.8821026282853568,0.1529984474182129,6.448122176882232e-05,1.5547629356384278,0.6792157739400864,21080623.0,3760,,,,,,,
1.554055815935135,1.8871088861076344,0.16260163486003876,6.397662665834381e-05,1.5507349967956543,0.6798178553581238,21136978.0,3770,,,,,,,
1.5408313691616058,1.8921151439299124,0.18241380155086517,6.347308334749336e-05,1.5399110794067383,0.6807302385568619,21193169.0,3780,,,,,,,
1.5286503970623015,1.8971214017521902,0.15267407894134521,6.29706065385772e-05,1.529551124572754,0.6823890715837478,21248806.0,3790,,,,,,,
1.5543303728103637,1.902127659574468,0.15429291129112244,6.246921090276217e-05,1.5493066787719727,0.6802890479564667,21304695.0,3800,,,,,,,
,1.902127659574468,,,,,,3800,1.5526112883090972,1.5540302991867065,0.6794422928094864,21304695.0,93.2099,171.42,5.364
1.5502460896968842,1.907133917396746,0.18357662856578827,6.196891107964744e-05,1.5409532546997071,0.6795179784297943,21360882.0,3810,,,,,,,
1.5426473796367646,1.9121401752190237,0.1678828001022339,6.14697216768368e-05,1.5534361839294433,0.6796091645956039,21417048.0,3820,,,,,,,
1.5315107703208923,1.9171464330413017,0.15591095387935638,6.097165726951242e-05,1.5261264801025392,0.6836080640554428,21473105.0,3830,,,,,,,
1.5338808119297027,1.9221526908635793,0.1766938716173172,6.0474732400009195e-05,1.5273691177368165,0.6829970926046371,21529184.0,3840,,,,,,,
1.5307117581367493,1.9271589486858574,0.15819880366325378,5.9978961577390094e-05,1.5240686416625977,0.6838877588510514,21585020.0,3850,,,,,,,
1.5223753333091736,1.9321652065081352,0.19375979900360107,5.94843592770226e-05,1.5278558731079102,0.683449724316597,21641290.0,3860,,,,,,,
1.5479151844978332,1.937171464330413,0.15608827769756317,5.8990939940156e-05,1.5429505348205566,0.6805778861045837,21696981.0,3870,,,,,,,
1.5261559426784514,1.942177722152691,0.16869191825389862,5.849871797349984e-05,1.5324590682983399,0.6817970007658005,21752779.0,3880,,,,,,,
1.5250231325626373,1.9471839799749686,0.17940004169940948,5.800770774880314e-05,1.5286127090454102,0.6825815886259079,21808566.0,3890,,,,,,,
1.5542596518993377,1.9521902377972467,0.17718525230884552,5.7517923602434874e-05,1.5462955474853515,0.6841432631015778,21864703.0,3900,,,,,,,
1.5269444465637207,1.9571964956195242,0.15185175836086273,5.7029379834965305e-05,1.514081859588623,0.6842368006706238,21920597.0,3910,,,,,,,
1.5532597303390503,1.9622027534418023,0.16048584878444672,5.654209071074861e-05,1.5574837684631349,0.6783327221870422,21976849.0,3920,,,,,,,
1.5459247708320618,1.96720901126408,0.17199808359146118,5.605607045750613e-05,1.5376721382141114,0.6798375844955444,22033090.0,3930,,,,,,,
1.5316129565238952,1.972215269086358,0.17801614105701447,5.557133326591115e-05,1.5396814346313477,0.68059341609478,22089209.0,3940,,,,,,,
1.5438976764678956,1.977221526908636,0.1778133064508438,5.5087893289174465e-05,1.5423852920532226,0.6795462220907211,22145280.0,3950,,,,,,,
1.544328945875168,1.9822277847309135,0.16461239755153656,5.460576464263134e-05,1.53912296295166,0.6813797235488892,22201308.0,3960,,,,,,,
1.543876314163208,1.9872340425531916,0.16372817754745483,5.4124961403328976e-05,1.5389692306518554,0.6811174541711807,22257104.0,3970,,,,,,,
1.5437830328941344,1.9922403003754692,0.16583780944347382,5.364549760961589e-05,1.5349696159362793,0.6811682403087616,22313448.0,3980,,,,,,,
1.5518591344356536,1.9972465581977472,0.15580379962921143,5.3167387260731784e-05,1.557314968109131,0.6780211329460144,22369691.0,3990,,,,,,,
1.5483302505392778,2.002002503128911,0.17159678041934967,5.269064431639901e-05,1.5288015365600587,0.6823495030403137,22423011.0,4000,,,,,,,
,2.002002503128911,,,,,,4000,1.536929128408432,1.5511488914489746,0.6798034493923187,22423011.0,93.3274,171.204,5.357
1.5319287955760956,2.007008760951189,0.18521592020988464,5.221528269641473e-05,1.5225671768188476,0.6844089180231094,22478670.0,4010,,,,,,,
1.5127494752407074,2.0120150187734667,0.15595343708992004,5.174131628024462e-05,1.4920496940612793,0.6863936454057693,22534458.0,4020,,,,,,,
1.5090841889381408,2.0170212765957447,0.17818258702754974,5.126875890661773e-05,1.525766372680664,0.6841176241636276,22590325.0,4030,,,,,,,
1.521390163898468,2.0220275344180227,0.17992003262043,5.079762437312219e-05,1.5190736770629882,0.6822899609804154,22646397.0,4040,,,,,,,
1.5386292517185212,2.0270337922403003,0.1700838804244995,5.03279264358025e-05,1.531764602661133,0.6814829736948014,22702471.0,4050,,,,,,,
1.5066106855869292,2.0320400500625784,0.18894927203655243,4.985967880875787e-05,1.5076142311096192,0.6848534762859344,22758591.0,4060,,,,,,,
1.516710925102234,2.037046307884856,0.17587631940841675,4.93928951637418e-05,1.5097023010253907,0.6844069361686707,22814549.0,4070,,,,,,,
1.519648653268814,2.042052565707134,0.17614495754241943,4.892758912976284e-05,1.5113384246826171,0.6860451400279999,22870442.0,4080,,,,,,,
1.506865656375885,2.0470588235294116,0.1936643272638321,4.846377429268675e-05,1.5103310585021972,0.6855093210935592,22926473.0,4090,,,,,,,
1.4996626436710359,2.0520650813516896,0.19212734699249268,4.800146419483969e-05,1.4935823440551759,0.6858445465564728,22982942.0,4100,,,,,,,
1.486778873205185,2.0570713391739677,0.18942758440971375,4.7540672334613014e-05,1.475552463531494,0.6894128352403641,23038738.0,4110,,,,,,,
1.4908178985118865,2.0620775969962453,0.1882241666316986,4.708141216606896e-05,1.4986699104309082,0.6859067142009735,23094760.0,4120,,,,,,,
1.5058324217796326,2.0670838548185233,0.1918216347694397,4.662369709854787e-05,1.5085391998291016,0.6819747298955917,23150745.0,4130,,,,,,,
1.5044919848442078,2.072090112640801,0.16800051927566528,4.616754049627671e-05,1.4903856277465821,0.6890125781297683,23206623.0,4140,,,,,,,
1.5072806417942046,2.077096370463079,0.18586882948875427,4.571295567797891e-05,1.5024736404418946,0.6843033105134964,23262345.0,4150,,,,,,,
1.492542451620102,2.0821026282853565,0.1830476075410843,4.525995591648533e-05,1.4925341606140137,0.6861850589513778,23318214.0,4160,,,,,,,
1.5054167687892914,2.0871088861076346,0.18652793765068054,4.480855443834687e-05,1.492576789855957,0.6876903682947159,23374178.0,4170,,,,,,,
1.4787589192390442,2.0921151439299126,0.20934034883975983,4.435876442344822e-05,1.466977596282959,0.6912698745727539,23430615.0,4180,,,,,,,
1.52188201546669,2.09712140175219,0.183290034532547,4.391059900462304e-05,1.5261552810668946,0.6820716112852097,23487053.0,4190,,,,,,,
1.5074762940406798,2.1021276595744682,0.19689829647541046,4.346407126727056e-05,1.5135200500488282,0.6841305762529373,23543035.0,4200,,,,,,,
,2.1021276595744682,,,,,,4200,1.5151830170154572,1.5497359037399292,0.6802909867763519,23543035.0,93.1772,171.48,5.366
1.513572496175766,2.107133917396746,0.186552956700325,4.301919424897338e-05,1.5126498222351075,0.6853423088788986,23599007.0,4210,,,,,,,
1.5168528735637665,2.112140175219024,0.20294082164764404,4.2575980939117076e-05,1.5101409912109376,0.6863869726657867,23655522.0,4220,,,,,,,
1.5116972863674163,2.1171464330413015,0.1965107023715973,4.213444427851061e-05,1.502077293395996,0.6849443554878235,23711364.0,4230,,,,,,,
1.5028980076313019,2.1221526908635795,0.19861964881420135,4.169459715900869e-05,1.4905964851379394,0.6854766815900802,23767481.0,4240,,,,,,,
1.5084822952747345,2.1271589486858575,0.1766284555196762,4.12564524231353e-05,1.5068636894226075,0.6849534094333649,23823682.0,4250,,,,,,,
1.5027442514896392,2.132165206508135,0.17651790380477905,4.0820022863708796e-05,1.4930213928222655,0.6864281833171845,23879657.0,4260,,,,,,,
1.4880517542362213,2.137171464330413,0.18180935084819794,4.038532122346829e-05,1.4790260314941406,0.6884800255298614,23935376.0,4270,,,,,,,
1.4919281363487245,2.1421777221526908,0.21224801242351532,3.9952360194701586e-05,1.4870477676391602,0.6851404309272766,23991836.0,4280,,,,,,,
1.495779138803482,2.147183979974969,0.20103970170021057,3.95211524188747e-05,1.4981550216674804,0.6859655141830444,24048271.0,4290,,,,,,,
1.4950552105903625,2.1521902377972464,0.20677298307418823,3.9091710486262666e-05,1.488999080657959,0.6888051211833954,24104396.0,4300,,,,,,,
1.5069424569606782,2.1571964956195244,0.21959397196769714,3.866404693558197e-05,1.5137418746948241,0.6870833992958069,24160385.0,4310,,,,,,,
1.5081489503383636,2.1622027534418025,0.18514007329940796,3.823817425362437e-05,1.5066234588623046,0.6848601669073104,24216195.0,4320,,,,,,,
1.521710079908371,2.16720901126408,0.21494661271572113,3.7814104874892544e-05,1.526670551300049,0.6830721408128738,24272411.0,4330,,,,,,,
1.4982456624507905,2.172215269086358,0.18125876784324646,3.73918511812367e-05,1.4804265975952149,0.6898354232311249,24328342.0,4340,,,,,,,
1.5048852205276488,2.1772215269086357,0.19662226736545563,3.6971425501493295e-05,1.5041889190673827,0.6832850605249405,24384307.0,4350,,,,,,,
1.5173328220844269,2.1822277847309137,0.19034768640995026,3.655284011112492e-05,1.5195456504821778,0.6857829630374909,24440282.0,4360,,,,,,,
1.502426564693451,2.1872340425531913,0.18107576668262482,3.613610723186207e-05,1.491015338897705,0.6877590447664261,24496204.0,4370,,,,,,,
1.5046247720718384,2.1922403003754694,0.19197383522987366,3.5721239031346066e-05,1.5032601356506348,0.6867807686328888,24552221.0,4380,,,,,,,
1.5117342054843903,2.1972465581977474,0.23643755912780762,3.530824762277395e-05,1.4977001190185546,0.6845031648874282,24607915.0,4390,,,,,,,
1.5197250723838807,2.202252816020025,0.18587525188922882,3.489714506454474e-05,1.515572738647461,0.6831556588411332,24663980.0,4400,,,,,,,
,2.202252816020025,,,,,,4400,1.518880670070648,1.5464574098587036,0.6807744252681732,24663980.0,93.3351,171.19,5.357
1.4900256276130677,2.207259073842303,0.17321385443210602,3.448794335990737e-05,1.476658535003662,0.6898836612701416,24720027.0,4410,,,,,,,
1.5047539174556732,2.2122653316645806,0.16949962079524994,3.408065445661024e-05,1.5058040618896484,0.6841624170541764,24776379.0,4420,,,,,,,
1.5114756226539612,2.2172715894868587,0.1848864108324051,3.367529024655233e-05,1.5142273902893066,0.6830074161291122,24832700.0,4430,,,,,,,
1.5090097427368163,2.2222778473091362,0.21271954476833344,3.3271862565435975e-05,1.5074703216552734,0.685735160112381,24888539.0,4440,,,,,,,
1.5123423993587495,2.2272841051314143,0.18978096544742584,3.2870383192421426e-05,1.5042380332946776,0.6838320523500443,24944538.0,4450,,,,,,,
1.510399740934372,2.2322903629536923,0.20108678936958313,3.247086384978273e-05,1.5113919258117676,0.6862407922744751,25000835.0,4460,,,,,,,
1.5010212779045105,2.23729662077597,0.16430127620697021,3.207331620256554e-05,1.5106492996215821,0.6866930335760116,25056837.0,4470,,,,,,,
1.52912580370903,2.242302878598248,0.1833685040473938,3.167775185824664e-05,1.5117386817932128,0.6866071611642838,25112805.0,4480,,,,,,,
1.525678950548172,2.2473091364205255,0.17851467430591583,3.128418236639484e-05,1.5257028579711913,0.6829966127872467,25168834.0,4490,,,,,,,
1.516889178752899,2.2523153942428036,0.1876867711544037,3.089261921833387e-05,1.511315155029297,0.6862330853939056,25224543.0,4500,,,,,,,
1.490593284368515,2.257321652065081,0.20568662881851196,3.0503073846806853e-05,1.4799766540527344,0.6893679112195968,25280666.0,4510,,,,,,,
1.518440419435501,2.262327909887359,0.1949482262134552,3.0115557625642464e-05,1.5108351707458496,0.6834684461355209,25336876.0,4520,,,,,,,
1.496612823009491,2.2673341677096372,0.20954591035842896,2.9730081869422867e-05,1.503496265411377,0.6880846321582794,25392872.0,4530,,,,,,,
1.4989224076271057,2.272340425531915,0.19456668198108673,2.9346657833153334e-05,1.4967826843261718,0.6858980566263199,25448870.0,4540,,,,,,,
1.5145550906658172,2.277346683354193,0.17754678428173065,2.89652967119336e-05,1.4975618362426757,0.6859279066324234,25504943.0,4550,,,,,,,
1.4988050997257232,2.2823529411764705,0.2059534788131714,2.8586009640631128e-05,1.4967151641845704,0.6871199309825897,25561150.0,4560,,,,,,,
1.500546783208847,2.2873591989987485,0.2172529399394989,2.8208807693555818e-05,1.4999749183654785,0.6847205102443695,25617452.0,4570,,,,,,,
1.4940799951553345,2.292365456821026,0.18304060399532318,2.783370188413674e-05,1.4928976058959962,0.6864973127841949,25673345.0,4580,,,,,,,
1.5092100024223327,2.297371714643304,0.22437378764152527,2.7460703164600543e-05,1.5095380783081054,0.686741441488266,25729459.0,4590,,,,,,,
1.482200026512146,2.3023779724655817,0.2073584496974945,2.7089822425651813e-05,1.4736114501953126,0.6927400946617126,25785319.0,4600,,,,,,,
,2.3023779724655817,,,,,,4600,1.4999815559387206,1.5441101789474487,0.6812333060503006,25785319.0,93.2071,171.425,5.364
1.4917690634727478,2.3073842302878598,0.18576262891292572,2.6721070496154853e-05,1.50435209274292,0.6865109086036683,25841011.0,4610,,,,,,,
1.5013605237007142,2.312390488110138,0.1758071929216385,2.6354458142817685e-05,1.4908674240112305,0.6854278177022934,25897212.0,4620,,,,,,,
1.502180153131485,2.3173967459324154,0.2132258117198944,2.598999606987761e-05,1.4907832145690918,0.687634390592575,25953357.0,4630,,,,,,,
1.5044270038604737,2.3224030037546934,0.22045503556728363,2.5627694918788692e-05,1.494040584564209,0.6870150119066238,26009243.0,4640,,,,,,,
1.5084929943084717,2.327409261576971,0.19913728535175323,2.5267565267911066e-05,1.501877784729004,0.6852446615695953,26065579.0,4650,,,,,,,
1.4912175118923188,2.332415519399249,0.2203807234764099,2.4909617632201986e-05,1.4982542037963866,0.6866311013698578,26121838.0,4660,,,,,,,
1.5148760735988618,2.337421777221527,0.22457267343997955,2.4553862462909027e-05,1.5060438156127929,0.6832435488700866,26177444.0,4670,,,,,,,
1.5039038419723512,2.3424280350438047,0.24372804164886475,2.420031014726466e-05,1.5018280029296875,0.6880962550640106,26233840.0,4680,,,,,,,
1.5213248908519745,2.3474342928660827,0.18839618563652039,2.384897100818313e-05,1.5115976333618164,0.6831070601940155,26289925.0,4690,,,,,,,
1.4987171173095704,2.3524405506883603,0.23045237362384796,2.3499855303958995e-05,1.49102840423584,0.690007334947586,26346173.0,4700,,,,,,,
1.4980123400688172,2.3574468085106384,0.20875442028045654,2.3152973227967733e-05,1.499869155883789,0.6899757146835327,26402022.0,4710,,,,,,,
1.5045843780040742,2.362453066332916,0.23531502485275269,2.2808334908367914e-05,1.5052950859069825,0.6868147850036621,26458227.0,4720,,,,,,,
1.484184169769287,2.367459324155194,0.22905462980270386,2.2465950407805593e-05,1.4778154373168946,0.6947376877069473,26514328.0,4730,,,,,,,
1.5033502519130706,2.3724655819774716,0.20133043825626373,2.2125829723120538e-05,1.4923014640808105,0.68957739174366,26570338.0,4740,,,,,,,
1.5069586515426636,2.3774718397997496,0.2137470841407776,2.1787982785054262e-05,1.5015786170959473,0.6840797930955886,26626487.0,4750,,,,,,,
1.5080069065093995,2.3824780976220277,0.22011534869670868,2.1452419457960137e-05,1.509674072265625,0.6872007042169571,26682503.0,4760,,,,,,,
1.506433093547821,2.3874843554443053,0.17520365118980408,2.1119149539515315e-05,1.506633472442627,0.6862114191055297,26738689.0,4770,,,,,,,
1.4997764587402345,2.3924906132665833,0.21165233850479126,2.0788182760434704e-05,1.4974020004272461,0.6883890837430954,26794691.0,4780,,,,,,,
1.5103464126586914,2.397496871088861,0.18295715749263763,2.04595287841869e-05,1.5085623741149903,0.6867026358842849,26851039.0,4790,,,,,,,
1.5144365429878235,2.402503128911139,0.1823725700378418,2.0133197206711873e-05,1.4883960723876952,0.6885435432195663,26906737.0,4800,,,,,,,
,2.402503128911139,,,,,,4800,1.5142318632602692,1.5418071746826172,0.6815429788827896,26906737.0,93.2976,171.258,5.359
1.4958070039749145,2.407509386733417,0.23181702196598053,1.9809197556140947e-05,1.4883035659790038,0.6886044830083847,26962567.0,4810,,,,,,,
1.4962558567523956,2.4125156445556946,0.19339369237422943,1.9487539292518586e-05,1.4859734535217286,0.6872212797403335,27018957.0,4820,,,,,,,
1.5096749126911164,2.4175219023779726,0.1960715651512146,1.916823180752606e-05,1.5164154052734375,0.6843270272016525,27075072.0,4830,,,,,,,
1.4946626842021942,2.42252816020025,0.24232341349124908,1.885128442420737e-05,1.489846134185791,0.6877381384372712,27130875.0,4840,,,,,,,
1.4770217537879944,2.4275344180225282,0.1869698166847229,1.8536706396696935e-05,1.4712100982666017,0.6907479703426361,27187068.0,4850,,,,,,,
1.4964951276779175,2.432540675844806,0.21382352709770203,1.8224506909949468e-05,1.485791015625,0.6861042022705078,27243227.0,4860,,,,,,,
1.499815171957016,2.437546933667084,0.2066362202167511,1.7914695079471744e-05,1.5066266059875488,0.6878643155097961,27299418.0,4870,,,,,,,
1.4928666830062867,2.4425531914893615,0.21691112220287323,1.7607279951056477e-05,1.488847541809082,0.6869023233652115,27355469.0,4880,,,,,,,
1.4803048908710479,2.4475594493116395,0.2264450341463089,1.7302270500518182e-05,1.4799837112426757,0.6897617071866989,27411169.0,4890,,,,,,,
1.507396125793457,2.4525657071339175,0.2237013578414917,1.6999675633431154e-05,1.5122810363769532,0.6854215562343597,27467409.0,4900,,,,,,,
1.4927856206893921,2.457571964956195,0.20905958116054535,1.6699504184869365e-05,1.4874908447265625,0.6877166837453842,27523738.0,4910,,,,,,,
1.4890251278877258,2.462578222778473,0.21409007906913757,1.6401764919148564e-05,1.4653581619262694,0.6921665579080581,27579654.0,4920,,,,,,,
1.4919416725635528,2.4675844806007508,0.21786047518253326,1.6106466529570297e-05,1.488575553894043,0.6870861798524857,27635583.0,4930,,,,,,,
1.4938246965408326,2.472590738423029,0.22260357439517975,1.5813617638168267e-05,1.4859243392944337,0.6891149342060089,27691434.0,4940,,,,,,,
1.492555993795395,2.477596996245307,0.21144995093345642,1.5523226795456347e-05,1.4834403038024901,0.6888913303613663,27747317.0,4950,,,,,,,
1.504515427350998,2.4826032540675844,0.20507843792438507,1.5235302480179092e-05,1.5029017448425293,0.6884441584348678,27803576.0,4960,,,,,,,
1.4805767595767976,2.4876095118898625,0.20371529459953308,1.4949853099064125e-05,1.4714942932128907,0.6900280833244323,27859430.0,4970,,,,,,,
1.504773700237274,2.49261576971214,0.21619071066379547,1.4666886986576677e-05,1.5073365211486816,0.685381618142128,27915321.0,4980,,,,,,,
1.484787529706955,2.497622027534418,0.1722138375043869,1.4386412404676275e-05,1.4871110916137695,0.6883756995201111,27970961.0,4990,,,,,,,
1.5218654990196228,2.502628285356696,0.2047148048877716,1.4108437542575414e-05,1.5195438385009765,0.684779691696167,28026948.0,5000,,,,,,,
,2.502628285356696,,,,,,5000,1.5147761509418487,1.539995551109314,0.6818326157331467,28026948.0,93.2799,171.291,5.36
1.4916465997695922,2.5076345431789737,0.21657171845436096,1.3832970516500643e-05,1.4708028793334962,0.6897051364183426,28083233.0,5010,,,,,,,
1.5093936264514922,2.5126408010012513,0.2070551961660385,1.3560019369455367e-05,1.504483985900879,0.6849596798419952,28139646.0,5020,,,,,,,
1.5004508018493652,2.5176470588235293,0.21540839970111847,1.3289592070985136e-05,1.497290802001953,0.6858885318040848,28195837.0,5030,,,,,,,
1.4845360398292542,2.5226533166458074,0.2345251590013504,1.3021696516944926e-05,1.4793821334838868,0.6890099585056305,28252172.0,5040,,,,,,,
1.492610365152359,2.527659574468085,0.21382226049900055,1.275634052926864e-05,1.4953317642211914,0.6873880714178086,28308329.0,5050,,,,,,,
1.5040555059909821,2.532665832290363,0.2166723757982254,1.2493531855740625e-05,1.5021570205688477,0.6861871987581253,28364357.0,5060,,,,,,,
1.5017083823680877,2.5376720901126406,0.20415766537189484,1.223327816976959e-05,1.4865907669067382,0.6899230480194092,28420310.0,5070,,,,,,,
1.4933561980724335,2.5426783479349186,0.2330590784549713,1.197558707016435e-05,1.487337017059326,0.6883940398693085,28476334.0,5080,,,,,,,
1.494868230819702,2.5476846057571967,0.20592400431632996,1.1720466080912273e-05,1.4966195106506348,0.689183384180069,28532169.0,5090,,,,,,,
1.5011967301368714,2.5526908635794743,0.25202304124832153,1.1467922650959273e-05,1.4953556060791016,0.689039072394371,28588128.0,5100,,,,,,,
1.5082346260547639,2.5576971214017523,0.19474367797374725,1.1217964153992545e-05,1.5202848434448242,0.6867519319057465,28644168.0,5110,,,,,,,
1.499838411808014,2.56270337922403,0.22162339091300964,1.097059788822512e-05,1.4910720825195312,0.6885319232940674,28700118.0,5120,,,,,,,
1.491978359222412,2.567709637046308,0.22574616968631744,1.0725831076182936e-05,1.482923698425293,0.6890079319477082,28756326.0,5130,,,,,,,
1.5019989669322968,2.572715894868586,0.21411368250846863,1.0483670864493778e-05,1.4991300582885743,0.6875673115253449,28812469.0,5140,,,,,,,
1.495156455039978,2.5777221526908636,0.23157073557376862,1.0244124323678694e-05,1.4859193801879882,0.6901528477668762,28868655.0,5150,,,,,,,
1.4978332698345185,2.582728410513141,0.24912656843662262,1.0007198447945653e-05,1.4868422508239747,0.6892973035573959,28924982.0,5160,,,,,,,
1.4903721690177918,2.587734668335419,0.2196846753358841,9.772900154985131e-06,1.4931137084960937,0.6872904658317566,28981139.0,5170,,,,,,,
1.5025716543197631,2.5927409261576972,0.20956642925739288,9.541236285768284e-06,1.4974187850952148,0.6873709380626678,29037112.0,5180,,,,,,,
1.5116195678710938,2.597747183979975,0.20244643092155457,9.312213604347097e-06,1.5189832687377929,0.6844736784696579,29092923.0,5190,,,,,,,
1.508860021829605,2.602753441802253,0.19723200798034668,9.085838797657031e-06,1.5104660987854004,0.6858282446861267,29149280.0,5200,,,,,,,
,2.602753441802253,,,,,,5200,1.5129829902648926,1.5388621091842651,0.6820309183597565,29149280.0,93.2621,171.324,5.361
1.5021838784217834,2.6077596996245305,0.18971022963523865,8.862118475321646e-06,1.5051845550537108,0.6878647625446319,29205202.0,5210,,,,,,,
1.503234624862671,2.6127659574468085,0.19297489523887634,8.641059169459665e-06,1.4841293334960937,0.6894178330898285,29261016.0,5220,,,,,,,
1.5170142114162446,2.6177722152690865,0.19888104498386383,8.422667334494249e-06,1.499660110473633,0.6863787412643433,29317427.0,5230,,,,,,,
1.4818424940109254,2.622778473091364,0.21021118760108948,8.206949346964609e-06,1.4728973388671875,0.6892599999904633,29373116.0,5240,,,,,,,
1.5036939799785614,2.627784730913642,0.22469854354858398,7.993911505339668e-06,1.5033490180969238,0.6876625508069992,29429287.0,5250,,,,,,,
1.5024589955806733,2.6327909887359198,0.24196931719779968,7.783560029834313e-06,1.4992277145385742,0.6864997446537018,29485375.0,5260,,,,,,,
1.5047419786453247,2.637797246558198,0.19479461014270782,7.575901062227675e-06,1.490034580230713,0.6893546491861343,29541476.0,5270,,,,,,,
1.496986848115921,2.642803504380476,0.22733095288276672,7.370940665683945e-06,1.4846811294555664,0.6890683889389038,29597782.0,5280,,,,,,,
1.5013780355453492,2.6478097622027534,0.19920483231544495,7.168684824575133e-06,1.4992753982543945,0.6874952524900436,29653733.0,5290,,,,,,,
1.5043282449245452,2.652816020025031,0.21923953294754028,6.969139444306472e-06,1.487788200378418,0.6862547367811203,29710278.0,5300,,,,,,,
1.4849994838237763,2.657822277847309,0.1966005265712738,6.772310351144062e-06,1.47130126953125,0.6901608496904373,29766543.0,5310,,,,,,,
1.497401523590088,2.662828535669587,0.22507935762405396,6.578203292044593e-06,1.495802402496338,0.6881550341844559,29822781.0,5320,,,,,,,
1.4965947031974793,2.6678347934918647,0.19345982372760773,6.386823934487618e-06,1.4830303192138672,0.6879913896322251,29879223.0,5330,,,,,,,
1.4941558539867401,2.6728410513141427,0.24068966507911682,6.1981778663100956e-06,1.4886993408203124,0.6891424506902695,29935150.0,5340,,,,,,,
1.4932202458381654,2.6778473091364203,0.21025723218917847,6.012270595543257e-06,1.486915397644043,0.6884942024946212,29991432.0,5350,,,,,,,
1.4845984697341919,2.6828535669586984,0.20599789917469025,5.829107550251711e-06,1.4838679313659668,0.6901879578828811,30047436.0,5360,,,,,,,
1.492958903312683,2.6878598247809764,0.21421629190444946,5.648694078374994e-06,1.4987600326538086,0.6888501912355423,30103467.0,5370,,,,,,,
1.4867077887058258,2.692866082603254,0.22054366767406464,5.471035447571437e-06,1.4810385704040527,0.6875037401914597,30159267.0,5380,,,,,,,
1.4961730778217315,2.697872340425532,0.2285289764404297,5.29613684506437e-06,1.4932172775268555,0.6879597574472427,30215363.0,5390,,,,,,,
1.4949446439743042,2.7028785982478096,0.2411220818758011,5.124003377490582e-06,1.4943323135375977,0.6894029319286347,30271610.0,5400,,,,,,,
,2.7028785982478096,,,,,,5400,1.5071776821613312,1.5379213094711304,0.6822963148355484,30271610.0,93.4608,170.959,5.35
1.488984626531601,2.7078848560700877,0.21376463770866394,4.9546400707513596e-06,1.4874515533447266,0.6881490975618363,30327445.0,5410,,,,,,,
1.4981915414333344,2.7128911138923657,0.20881715416908264,4.788051869865595e-06,1.4784931182861327,0.6895693868398667,30383313.0,5420,,,,,,,
1.4880984902381897,2.7178973717146433,0.20690038800239563,4.624243638825543e-06,1.4833084106445313,0.6888004422187806,30439473.0,5430,,,,,,,
1.4940209567546845,2.722903629536921,0.24781900644302368,4.463220160454706e-06,1.4833196640014648,0.6907497704029083,30495333.0,5440,,,,,,,
1.4815020978450775,2.727909887359199,0.19741958379745483,4.304986136268163e-06,1.4721382141113282,0.6901315152645111,30551394.0,5450,,,,,,,
1.491464501619339,2.732916145181477,0.22298893332481384,4.149546186335452e-06,1.4834299087524414,0.6911127090454101,30607682.0,5460,,,,,,,
1.5012762784957885,2.7379224030037546,0.2693333625793457,3.996904849145489e-06,1.5027969360351563,0.6868015170097351,30664095.0,5470,,,,,,,
1.4838607728481292,2.7429286608260326,0.18673990666866302,3.847066581474157e-06,1.4734743118286133,0.6909881085157394,30719964.0,5480,,,,,,,
1.487505942583084,2.74793491864831,0.19436615705490112,3.700035758254172e-06,1.4949767112731933,0.6865027517080307,30776209.0,5490,,,,,,,
1.5029097974300385,2.7529411764705882,0.24875864386558533,3.5558166724473094e-06,1.498603057861328,0.6887956857681274,30832529.0,5500,,,,,,,
1.4961891293525695,2.7579474342928663,0.2506736218929291,3.4144135349191032e-06,1.4943970680236816,0.6868827104568481,30888458.0,5510,,,,,,,
1.5155786454677582,2.762953692115144,0.21205554902553558,3.275830474315855e-06,1.5061226844787599,0.6851374059915543,30944624.0,5520,,,,,,,
1.486079216003418,2.767959949937422,0.1844939887523651,3.1400715369441003e-06,1.4808127403259277,0.6913373500108719,31000506.0,5530,,,,,,,
1.5068807542324065,2.7729662077596995,0.24594664573669434,3.007140686652532e-06,1.5018829345703124,0.6856241881847381,31056472.0,5540,,,,,,,
1.4993039548397065,2.7779724655819775,0.1965753585100174,2.8770418047161407e-06,1.4869521141052247,0.688393896818161,31112449.0,5550,,,,,,,
1.4852241575717926,2.7829787234042556,0.20318211615085602,2.7497786897229816e-06,1.4876134872436524,0.6911571890115737,31168173.0,5560,,,,,,,
1.5037882387638093,2.787984981226533,0.2032136768102646,2.6253550574632303e-06,1.496830654144287,0.6875534445047379,31223917.0,5570,,,,,,,
1.507748943567276,2.7929912390488107,0.2328450083732605,2.5037745408207246e-06,1.5102842330932618,0.6849171578884125,31280174.0,5580,,,,,,,
1.497410237789154,2.797997496871089,0.2455228567123413,2.38504068966684e-06,1.4854242324829101,0.6891300171613693,31336240.0,5590,,,,,,,
1.4929237067699432,2.803003754693367,0.23283681273460388,2.2691569707568805e-06,1.485714817047119,0.6886126130819321,31392215.0,5600,,,,,,,
,2.803003754693367,,,,,,5600,1.5070264797210693,1.5374587774276733,0.6823099626302719,31392215.0,93.2751,171.3,5.36
1.5116932094097137,2.8080100125156444,0.19527901709079742,2.15612676762883e-06,1.5085927963256835,0.6867256671190262,31448327.0,5610,,,,,,,
1.4833186328411103,2.8130162703379225,0.22217467427253723,2.045953380504595e-06,1.481663417816162,0.690264081954956,31504241.0,5620,,,,,,,
1.5069909036159514,2.8180225281602,0.20539629459381104,1.9386400261936276e-06,1.4988778114318848,0.6869078129529953,31560416.0,5630,,,,,,,
1.5160445809364318,2.823028785982478,0.22570765018463135,1.8341898379989674e-06,1.5301729202270509,0.683312040567398,31616492.0,5640,,,,,,,
1.5000854849815368,2.828035043804756,0.2022823691368103,1.7326058656258582e-06,1.4857709884643555,0.6918205082416534,31672608.0,5650,,,,,,,
1.5077634751796722,2.8330413016270337,0.21851031482219696,1.633891075092575e-06,1.5005973815917968,0.6857619345188141,31729129.0,5660,,,,,,,
1.497423130273819,2.8380475594493118,0.20773138105869293,1.5380483486438945e-06,1.5029041290283203,0.6875733017921448,31785104.0,5670,,,,,,,
1.5031579434871674,2.8430538172715893,0.20790767669677734,1.4450804846669386e-06,1.5051218032836915,0.6856747388839721,31840818.0,5680,,,,,,,
1.5112312853336334,2.8480600750938674,0.20116543769836426,1.3549901976094737e-06,1.4981154441833495,0.6865813344717026,31897011.0,5690,,,,,,,
1.5102761387825012,2.8530663329161454,0.2187686413526535,1.2677801179006187e-06,1.4879199981689453,0.686306232213974,31953236.0,5700,,,,,,,
1.5031356036663055,2.858072590738423,0.21262970566749573,1.1834527918740623e-06,1.4975686073303223,0.6858646452426911,32009540.0,5710,,,,,,,
1.4945111632347108,2.8630788485607006,0.24328070878982544,1.1020106816937326e-06,1.4853172302246094,0.6887549042701722,32065309.0,5720,,,,,,,
1.485780620574951,2.8680851063829786,0.2356542944908142,1.0234561652818887e-06,1.4824779510498047,0.6896604210138321,32121388.0,5730,,,,,,,
1.50373318195343,2.8730913642052567,0.1985980123281479,9.477915362496758e-07,1.498966598510742,0.687983974814415,32177453.0,5740,,,,,,,
1.4864188015460968,2.8780976220275343,0.24414394795894623,8.750190038302131e-07,1.467227840423584,0.6914604038000107,32233596.0,5750,,,,,,,
1.4919064819812775,2.8831038798498123,0.20091405510902405,8.051406928140104e-07,1.493474292755127,0.6867268592119217,32289888.0,5760,,,,,,,
1.4980718314647674,2.88811013767209,0.2152034044265747,7.381586434869969e-07,1.4757095336914063,0.6896654456853867,32346211.0,5770,,,,,,,
1.4962215006351471,2.893116395494368,0.24643710255622864,6.740748115709239e-07,1.4925570487976074,0.6869991391897201,32402188.0,5780,,,,,,,
1.4823730349540711,2.898122653316646,0.22088897228240967,6.128910681662548e-07,1.4737510681152344,0.6908722251653672,32458340.0,5790,,,,,,,
1.4834197461605072,2.9031289111389236,0.2328171581029892,5.546091996975422e-07,1.4665570259094238,0.690132024884224,32514397.0,5800,,,,,,,
,2.9031289111389236,,,,,,5800,1.5062391974925995,1.5372939109802246,0.6823537367582321,32514397.0,93.3066,171.242,5.359
1.5045752942562103,2.9081351689612016,0.2190423458814621,4.992309078612589e-07,1.5075748443603516,0.6842462897300721,32570707.0,5810,,,,,,,
1.4953078866004943,2.913141426783479,0.22553324699401855,4.4675780957612603e-07,1.4863877296447754,0.6873776644468308,32627491.0,5820,,,,,,,
1.4997173428535462,2.9181476846057572,0.2283281683921814,3.971914369358953e-07,1.5007915496826172,0.6887835830450058,32683601.0,5830,,,,,,,
1.5162091672420501,2.9231539424280353,0.23064447939395905,3.505332371646297e-07,1.5020235061645508,0.6857350260019303,32739847.0,5840,,,,,,,
1.4909166753292085,2.928160200250313,0.19983768463134766,3.067845725744034e-07,1.4774778366088868,0.6886354416608811,32796156.0,5850,,,,,,,
1.5043157577514648,2.9331664580725905,0.22212712466716766,2.6594672052560055e-07,1.5080291748046875,0.6852048486471176,32852336.0,5860,,,,,,,
1.5011372208595275,2.9381727158948685,0.19771161675453186,2.2802087338952283e-07,1.495876407623291,0.6862708866596222,32908264.0,5870,,,,,,,
1.4950412094593049,2.9431789737171465,0.2108847051858902,1.9300813851368393e-07,1.4912068367004394,0.6876379758119583,32964540.0,5880,,,,,,,
1.490370124578476,2.948185231539424,0.19749584794044495,1.6090953818937994e-07,1.4870938301086425,0.6925461977720261,33020567.0,5890,,,,,,,
1.5204706490039825,2.953191489361702,0.21261708438396454,1.3172600962190197e-07,1.516549777984619,0.6847444325685501,33076692.0,5900,,,,,,,
1.4929717600345611,2.9581977471839798,0.1871044635772705,1.0545840490313596e-07,1.491137981414795,0.6869775980710984,33132653.0,5910,,,,,,,
1.500896155834198,2.963204005006258,0.22587302327156067,8.210749098671588e-08,1.503385639190674,0.6851053595542907,33188592.0,5920,,,,,,,
1.4999266922473908,2.968210262828536,0.21173542737960815,6.167394966561935e-08,1.484764862060547,0.6885072886943817,33245002.0,5930,,,,,,,
1.4858358681201935,2.9732165206508134,0.21102435886859894,4.4158377552216964e-08,1.4909151077270508,0.6882797598838806,33300948.0,5940,,,,,,,
1.4966261029243468,2.9782227784730915,0.21772408485412598,2.9561286060952876e-08,1.5009939193725585,0.6882399916648865,33357183.0,5950,,,,,,,
1.498812973499298,2.983229036295369,0.21352098882198334,1.788310139329008e-08,1.4969584465026855,0.6865536987781524,33413340.0,5960,,,,,,,
1.4921308040618897,2.988235294117647,0.23730085790157318,9.124164525364798e-09,1.4957453727722168,0.6874658733606338,33469247.0,5970,,,,,,,
1.5096804738044738,2.993241551939925,0.20487180352210999,3.2847311979833374e-09,1.500966453552246,0.6864754438400269,33525132.0,5980,,,,,,,
1.4734416842460631,2.9982478097622027,0.20381221175193787,3.649719091725068e-10,1.4693401336669922,0.6915965944528579,33581548.0,5990,,,,,,,
